time,B0,B1,B2,B3,B7,ENABLE,DONE,CLK
0,1,0,1,1,0,1,0,1
2083,1,0,1,1,0,1,0,0
2917,0,0,1,1,0,1,1,0
7083,0,0,1,1,0,1,1,1
7292,0,0,1,1,0,1,0,1
12083,0,0,1,1,0,1,0,0
12917,0,0,0,0,0,1,1,0
17083,0,0,0,0,0,1,1,1
17292,0,0,0,0,0,1,0,1
22083,0,0,0,0,0,1,0,0
22917,1,1,1,1,0,1,1,0
27083,1,1,1,1,0,1,1,1
27292,1,1,1,1,0,1,0,1
32083,1,1,1,1,0,1,0,0
32917,1,1,1,1,0,1,1,0
37083,1,1,1,1,0,1,1,1
37292,1,1,1,1,0,1,0,1
42083,1,1,1,1,0,1,0,0
42917,1,0,1,1,0,1,1,0
47083,1,0,1,1,0,1,1,1
47292,1,0,1,1,0,1,0,1
52083,1,0,1,1,0,1,0,0
52917,1,0,1,1,0,1,1,0
57083,1,0,1,1,0,1,1,1
57292,1,0,1,1,0,1,0,1
62083,1,0,1,1,0,1,0,0
63125,1,0,1,1,0,1,1,0
67083,1,0,1,1,0,1,1,1
67292,1,0,1,1,0,1,0,1
72083,1,0,1,1,0,1,0,0
72917,0,0,1,1,0,1,1,0
73125,0,1,1,1,0,1,1,0
77083,0,1,1,1,0,1,1,1
77292,0,1,1,1,0,1,0,1
82083,0,1,1,1,0,1,0,0
82917,0,1,1,1,0,1,1,0
87083,0,1,1,1,0,1,1,1
87292,0,1,1,1,0,1,0,1
92083,0,1,1,1,0,1,0,0
92917,0,0,1,1,0,1,0,0
93125,1,0,1,1,0,1,1,0
97083,1,0,1,1,0,1,1,1
97292,1,0,1,1,0,1,0,1
102083,1,0,1,1,0,1,0,0
103125,1,0,1,1,0,1,1,0
107083,1,0,1,1,0,1,1,1
107292,1,0,1,1,0,1,0,1
112083,1,0,1,1,0,1,0,0
113125,1,0,1,1,0,1,1,0
117083,1,0,1,1,0,1,1,1
117292,1,0,1,1,0,1,0,1
122083,1,0,1,1,0,1,0,0
123125,1,0,1,1,0,1,1,0
127083,1,0,1,1,0,1,1,1
127292,1,0,1,1,0,1,0,1
132083,1,0,1,1,0,1,0,0
132917,0,0,1,1,0,1,0,0
133125,0,1,1,1,0,1,1,0
137083,0,1,1,1,0,1,1,1
137292,0,1,1,1,0,1,0,1
142083,0,1,1,1,0,1,0,0
142917,0,0,1,1,0,1,0,0
143125,1,0,1,1,0,1,1,0
147083,1,0,1,1,0,1,1,1
147292,1,0,1,1,0,1,0,1
152083,1,0,1,1,0,1,0,0
153125,1,0,1,1,0,1,1,0
157083,1,0,1,1,0,1,1,1
157292,1,0,1,1,0,1,0,1
162083,1,0,1,1,0,1,0,0
163125,1,0,1,1,0,1,1,0
167083,1,0,1,1,0,1,1,1
167292,1,0,1,1,0,1,0,1
172083,1,0,1,1,0,1,0,0
173125,1,0,1,1,0,1,1,0
177083,1,0,1,1,0,1,1,1
177292,1,0,1,1,0,1,0,1
182083,1,0,1,1,0,1,0,0
183125,1,0,1,1,0,1,1,0
187083,1,0,1,1,0,1,1,1
187292,1,0,1,1,0,1,0,1
192083,1,0,1,1,0,1,0,0
192917,0,0,1,1,0,1,0,0
193125,0,1,1,1,0,1,1,0
197083,0,1,1,1,0,1,1,1
197292,0,1,1,1,0,1,0,1
202083,0,1,1,1,0,1,0,0
203125,1,0,1,1,0,1,1,0
207083,1,0,1,1,0,1,1,1
207292,1,0,1,1,0,1,0,1
212083,1,0,1,1,0,1,0,0
213125,1,0,1,1,0,1,1,0
217083,1,0,1,1,0,1,1,1
217292,1,0,1,1,0,1,0,1
222083,1,0,1,1,0,1,0,0
223125,0,1,1,1,0,1,1,0
227083,0,1,1,1,0,1,1,1
227292,0,1,1,1,0,1,0,1
232083,0,1,1,1,0,1,0,0
233125,0,1,1,1,0,1,1,0
237083,0,1,1,1,0,1,1,1
237292,0,1,1,1,0,1,0,1
242083,0,1,1,1,0,1,0,0
243125,1,0,1,1,0,1,1,0
247083,1,0,1,1,0,1,1,1
247292,1,0,1,1,0,1,0,1
252083,1,0,1,1,0,1,0,0
253125,1,0,1,1,0,1,1,0
257083,1,0,1,1,0,1,1,1
257292,1,0,1,1,0,1,0,1
262083,1,0,1,1,0,1,0,0
263125,1,0,1,1,0,1,1,0
267083,1,0,1,1,0,1,1,1
267292,1,0,1,1,0,1,0,1
272083,1,0,1,1,0,1,0,0
273125,1,0,1,1,0,1,1,0
277292,1,0,1,1,0,1,0,1
282292,1,0,1,1,0,1,0,0
283125,0,1,1,1,0,1,1,0
287292,0,1,1,1,0,1,0,1
292292,0,1,1,1,0,1,0,0
293125,0,0,0,0,0,1,1,0
297292,0,0,0,0,0,1,1,1
297500,0,0,0,0,0,1,0,1
302292,0,0,0,0,0,1,0,0
303125,1,0,1,1,0,1,1,0
307292,1,0,1,1,0,1,1,1
307500,1,0,1,1,0,1,0,1
312292,1,0,1,1,0,1,0,0
313125,1,0,1,1,0,1,1,0
317292,1,0,1,1,0,1,1,1
317500,1,0,1,1,0,1,0,1
322292,1,0,1,1,0,1,0,0
323125,0,1,1,1,0,1,1,0
327292,0,1,1,1,0,1,1,1
327500,0,1,1,1,0,1,0,1
332292,0,1,1,1,0,1,0,0
333125,0,1,1,1,0,1,1,0
337292,0,1,1,1,0,1,1,1
337500,0,1,1,1,0,1,0,1
342292,0,1,1,1,0,1,0,0
343125,1,0,1,1,0,1,1,0
347292,1,0,1,1,0,1,1,1
347500,1,0,1,1,0,1,0,1
352292,1,0,1,1,0,1,0,0
353125,0,1,1,1,0,1,1,0
357292,0,1,1,1,0,1,1,1
357500,0,1,1,1,0,1,0,1
362292,0,1,1,1,0,1,0,0
363125,0,1,1,1,0,1,1,0
367292,0,1,1,1,0,1,1,1
367500,0,1,1,1,0,1,0,1
372292,0,1,1,1,0,1,0,0
373125,1,0,1,1,0,1,1,0
377292,1,0,1,1,0,1,1,1
377500,1,0,1,1,0,1,0,1
382292,1,0,1,1,0,1,0,0
383125,0,0,1,1,0,1,1,0
387292,0,0,1,1,0,1,1,1
387500,0,0,1,1,0,1,0,1
392292,0,0,1,1,0,1,0,0
393125,1,0,1,1,0,1,1,0
397292,1,0,1,1,0,1,1,1
397500,1,0,1,1,0,1,0,1
402292,1,0,1,1,0,1,0,0
403125,0,1,1,1,0,1,1,0
407292,0,1,1,1,0,1,1,1
407500,0,1,1,1,0,1,0,1
412292,0,1,1,1,0,1,0,0
413125,0,1,1,1,0,1,1,0
417292,0,1,1,1,0,1,1,1
417500,0,1,1,1,0,1,0,1
422292,0,1,1,1,0,1,0,0
423125,0,1,1,1,0,1,1,0
427292,0,1,1,1,0,1,1,1
427500,0,1,1,1,0,1,0,1
432292,0,1,1,1,0,1,0,0
433125,0,0,1,1,0,1,1,0
433333,1,0,1,1,0,1,1,0
437292,1,0,1,1,0,1,1,1
437500,1,0,1,1,0,1,0,1
442292,1,0,1,1,0,1,0,0
443125,0,0,1,1,0,1,0,0
443333,0,0,1,1,0,1,1,0
447292,0,0,1,1,0,1,1,1
447500,0,0,1,1,0,1,0,1
452292,0,0,1,1,0,1,0,0
453125,1,0,1,1,0,1,1,0
457292,1,0,1,1,0,1,1,1
457500,1,0,1,1,0,1,0,1
462292,1,0,1,1,0,1,0,0
463125,1,1,1,1,0,1,1,0
467292,1,1,1,1,0,1,1,1
467500,1,1,1,1,0,1,0,1
472292,1,1,1,1,0,1,0,0
473125,0,1,1,1,0,1,1,0
477292,0,1,1,1,0,1,1,1
477500,0,1,1,1,0,1,0,1
482292,0,1,1,1,0,1,0,0
483125,0,0,1,1,0,1,0,0
483333,1,0,1,1,0,1,1,0
487292,1,0,1,1,0,1,1,1
487500,1,0,1,1,0,1,0,1
492292,1,0,1,1,0,1,0,0
493125,0,0,1,1,0,1,0,0
493333,0,0,1,1,0,1,1,0
497292,0,0,1,1,0,1,1,1
497500,0,0,1,1,0,1,0,1
502292,0,0,1,1,0,1,0,0
503333,1,0,1,1,0,1,1,0
507292,1,0,1,1,0,1,1,1
507500,1,0,1,1,0,1,0,1
512292,1,0,1,1,0,1,0,0
513333,1,0,1,1,0,1,1,0
517292,1,0,1,1,0,1,1,1
517500,1,0,1,1,0,1,0,1
522292,1,0,1,1,0,1,0,0
523125,0,0,1,1,0,1,1,0
523333,0,1,1,1,0,1,1,0
527292,0,1,1,1,0,1,1,1
527500,0,1,1,1,0,1,0,1
532292,0,1,1,1,0,1,0,0
533125,0,0,1,1,0,1,0,0
533333,1,0,1,1,0,1,1,0
537292,1,0,1,1,0,1,1,1
537500,1,0,1,1,0,1,0,1
542292,1,0,1,1,0,1,0,0
543333,1,0,1,1,0,1,1,0
547292,1,0,1,1,0,1,1,1
547500,1,0,1,1,0,1,0,1
552292,1,0,1,1,0,1,0,0
553333,1,0,1,1,0,1,1,0
557292,1,0,1,1,0,1,1,1
557500,1,0,1,1,0,1,0,1
562292,1,0,1,1,0,1,0,0
563125,0,0,1,1,0,1,0,0
563333,0,1,1,1,0,1,1,0
567292,0,1,1,1,0,1,1,1
567500,0,1,1,1,0,1,0,1
572292,0,1,1,1,0,1,0,0
573333,1,1,1,1,0,1,1,0
577292,1,1,1,1,0,1,1,1
577500,1,1,1,1,0,1,0,1
582292,1,1,1,1,0,1,0,0
583333,1,0,1,1,0,1,1,0
587292,1,0,1,1,0,1,1,1
587500,1,0,1,1,0,1,0,1
592292,1,0,1,1,0,1,0,0
593333,1,0,1,1,0,1,1,0
597292,1,0,1,1,0,1,1,1
597500,1,0,1,1,0,1,0,1
602292,1,0,1,1,0,1,0,0
603333,0,1,1,1,0,1,1,0
607292,0,1,1,1,0,1,1,1
607500,0,1,1,1,0,1,0,1
612292,0,1,1,1,0,1,0,0
613333,0,1,1,1,0,1,1,0
617292,0,1,1,1,0,1,1,1
617500,0,1,1,1,0,1,0,1
622292,0,1,1,1,0,1,0,0
623333,0,1,1,1,0,1,1,0
627292,0,1,1,1,0,1,1,1
627500,0,1,1,1,0,1,0,1
632292,0,1,1,1,0,1,0,0
633333,0,1,1,1,0,1,1,0
637292,0,1,1,1,0,1,1,1
637500,0,1,1,1,0,1,0,1
642292,0,1,1,1,0,1,0,0
643333,1,0,1,1,0,1,1,0
647292,1,0,1,1,0,1,1,1
647500,1,0,1,1,0,1,0,1
652292,1,0,1,1,0,1,0,0
653333,0,0,1,1,0,1,1,0
657292,0,0,1,1,0,1,1,1
657500,0,0,1,1,0,1,0,1
662292,0,0,1,1,0,1,0,0
663333,0,1,1,1,0,1,1,0
667292,0,1,1,1,0,1,1,1
667500,0,1,1,1,0,1,0,1
672292,0,1,1,1,0,1,0,0
673333,1,1,1,1,0,1,1,0
677292,1,1,1,1,0,1,1,1
677500,1,1,1,1,0,1,0,1
682292,1,1,1,1,0,1,0,0
683333,1,0,1,1,0,1,1,0
687292,1,0,1,1,0,1,1,1
687500,1,0,1,1,0,1,0,1
692500,1,0,1,1,0,1,0,0
693333,1,0,1,1,0,1,1,0
697500,1,0,1,1,0,1,0,1
702500,1,0,1,1,0,1,0,0
703333,1,0,1,1,0,1,1,0
707500,1,0,1,1,0,1,0,1
712500,1,0,1,1,0,1,0,0
713333,0,1,1,1,0,1,1,0
717500,0,1,1,1,0,1,1,1
717708,0,1,1,1,0,1,0,1
722500,0,1,1,1,0,1,0,0
723333,0,1,1,1,0,1,1,0
727500,0,1,1,1,0,1,1,1
727708,0,1,1,1,0,1,0,1
732500,0,1,1,1,0,1,0,0
733333,0,1,1,1,0,1,1,0
737500,0,1,1,1,0,1,1,1
737708,0,1,1,1,0,1,0,1
742500,0,1,1,1,0,1,0,0
743333,0,1,1,1,0,1,1,0
747500,0,1,1,1,0,1,1,1
747708,0,1,1,1,0,1,0,1
752500,0,1,1,1,0,1,0,0
753333,1,0,1,1,0,1,1,0
757500,1,0,1,1,0,1,1,1
757708,1,0,1,1,0,1,0,1
762500,1,0,1,1,0,1,0,0
763333,1,0,1,1,0,1,1,0
767500,1,0,1,1,0,1,1,1
767708,1,0,1,1,0,1,0,1
772500,1,0,1,1,0,1,0,0
773333,0,1,1,1,0,1,1,0
777500,0,1,1,1,0,1,1,1
777708,0,1,1,1,0,1,0,1
782500,0,1,1,1,0,1,0,0
783333,0,1,1,1,0,1,1,0
787500,0,1,1,1,0,1,1,1
787708,0,1,1,1,0,1,0,1
792500,0,1,1,1,0,1,0,0
793333,1,0,1,1,0,1,1,0
797500,1,0,1,1,0,1,1,1
797708,1,0,1,1,0,1,0,1
802500,1,0,1,1,0,1,0,0
803333,0,1,1,1,0,1,1,0
807500,0,1,1,1,0,1,1,1
807708,0,1,1,1,0,1,0,1
812500,0,1,1,1,0,1,0,0
813333,1,0,1,1,0,1,1,0
817500,1,0,1,1,0,1,1,1
817708,1,0,1,1,0,1,0,1
822500,1,0,1,1,0,1,0,0
823333,0,1,1,1,0,1,1,0
827500,0,1,1,1,0,1,1,1
827708,0,1,1,1,0,1,0,1
832500,0,1,1,1,0,1,0,0
833333,0,1,1,1,0,1,1,0
837500,0,1,1,1,0,1,1,1
837708,0,1,1,1,0,1,0,1
842500,0,1,1,1,0,1,0,0
843333,0,0,1,1,0,1,1,0
843542,1,0,1,1,0,1,1,0
847500,1,0,1,1,0,1,1,1
847708,1,0,1,1,0,1,0,1
852500,1,0,1,1,0,1,0,0
853333,0,0,1,1,0,1,1,0
857500,0,0,1,1,0,1,1,1
857708,0,0,1,1,0,1,0,1
862500,0,0,1,1,0,1,0,0
863542,1,0,1,1,0,1,1,0
867500,1,0,1,1,0,1,1,1
867708,1,0,1,1,0,1,0,1
872500,1,0,1,1,0,1,0,0
873333,0,0,1,1,0,1,1,0
873542,0,1,1,1,0,1,1,0
877500,0,1,1,1,0,1,1,1
877708,0,1,1,1,0,1,0,1
882500,0,1,1,1,0,1,0,0
883333,0,1,1,1,0,1,1,0
887500,0,1,1,1,0,1,1,1
887708,0,1,1,1,0,1,0,1
892500,0,1,1,1,0,1,0,0
893333,0,1,1,1,0,1,1,0
897500,0,1,1,1,0,1,1,1
897708,0,1,1,1,0,1,0,1
902500,0,1,1,1,0,1,0,0
903333,0,0,1,1,0,1,0,0
903542,1,0,1,1,0,1,1,0
907500,1,0,1,1,0,1,1,1
907708,1,0,1,1,0,1,0,1
912500,1,0,1,1,0,1,0,0
913333,0,0,1,1,0,1,0,0
913542,0,1,1,1,0,1,1,0
917500,0,1,1,1,0,1,1,1
917708,0,1,1,1,0,1,0,1
922500,0,1,1,1,0,1,0,0
923542,0,1,1,1,0,1,1,0
927500,0,1,1,1,0,1,1,1
927708,0,1,1,1,0,1,0,1
932500,0,1,1,1,0,1,0,0
933333,0,0,1,1,0,1,0,0
933542,1,0,1,1,0,1,1,0
937500,1,0,1,1,0,1,1,1
937708,1,0,1,1,0,1,0,1
942500,1,0,1,1,0,1,0,0
943333,0,0,1,1,0,1,0,0
943542,0,1,1,1,0,1,1,0
947500,0,1,1,1,0,1,1,1
947708,0,1,1,1,0,1,0,1
952500,0,1,1,1,0,1,0,0
953333,0,1,1,1,0,1,1,0
957500,0,1,1,1,0,1,1,1
957708,0,1,1,1,0,1,0,1
962500,0,1,1,1,0,1,0,0
963333,0,0,1,1,0,1,0,0
963542,1,0,1,1,0,1,1,0
967500,1,0,1,1,0,1,1,1
967708,1,0,1,1,0,1,0,1
972500,1,0,1,1,0,1,0,0
973542,1,0,1,1,0,1,1,0
977500,1,0,1,1,0,1,1,1
977708,1,0,1,1,0,1,0,1
982500,1,0,1,1,0,1,0,0
983333,0,0,1,1,0,1,0,0
983542,0,1,1,1,0,1,1,0
987500,0,1,1,1,0,1,1,1
987708,0,1,1,1,0,1,0,1
992500,0,1,1,1,0,1,0,0
993542,0,1,1,1,0,1,1,0
997500,0,1,1,1,0,1,1,1
997708,0,1,1,1,0,1,0,1
1002500,0,1,1,1,0,1,0,0
1003542,1,0,1,1,0,1,1,0
1007500,1,0,1,1,0,1,1,1
1007708,1,0,1,1,0,1,0,1
1012500,1,0,1,1,0,1,0,0
1013542,1,0,1,1,0,1,1,0
1017500,1,0,1,1,0,1,1,1
1017708,1,0,1,1,0,1,0,1
1022500,1,0,1,1,0,1,0,0
1023542,0,1,1,1,0,1,1,0
1027500,0,1,1,1,0,1,1,1
1027708,0,1,1,1,0,1,0,1
1032500,0,1,1,1,0,1,0,0
1033542,1,1,1,1,0,1,1,0
1037500,1,1,1,1,0,1,1,1
1037708,1,1,1,1,0,1,0,1
1042500,1,1,1,1,0,1,0,0
1043542,0,1,1,1,0,1,1,0
1047500,0,1,1,1,0,1,1,1
1047708,0,1,1,1,0,1,0,1
1052500,0,1,1,1,0,1,0,0
1053542,0,0,1,1,0,1,1,0
1057500,0,0,1,1,0,1,1,1
1057708,0,0,1,1,0,1,0,1
1062500,0,0,1,1,0,1,0,0
1063542,0,1,1,1,0,1,1,0
1067500,0,1,1,1,0,1,1,1
1067708,0,1,1,1,0,1,0,1
1072500,0,1,1,1,0,1,0,0
1073542,1,1,1,1,0,1,1,0
1077500,1,1,1,1,0,1,1,1
1077708,1,1,1,1,0,1,0,1
1082500,1,1,1,1,0,1,0,0
1083542,1,0,1,1,0,1,1,0
1087500,1,0,1,1,0,1,1,1
1087708,1,0,1,1,0,1,0,1
1092500,1,0,1,1,0,1,0,0
1093542,0,1,1,1,0,1,1,0
1097500,0,1,1,1,0,1,1,1
1097708,0,1,1,1,0,1,0,1
1102500,0,1,1,1,0,1,0,0
1103542,1,0,1,1,0,1,1,0
1107500,1,0,1,1,0,1,1,1
1107708,1,0,1,1,0,1,0,1
1112708,1,0,1,1,0,1,0,0
1113542,1,0,1,1,0,1,1,0
1117708,1,0,1,1,0,1,0,1
1122708,1,0,1,1,0,1,0,0
1123542,1,0,1,1,0,1,1,0
1127708,1,0,1,1,0,1,0,1
1132708,1,0,1,1,0,1,0,0
1133542,1,0,1,1,0,1,1,0
1137708,1,0,1,1,0,1,1,1
1137917,1,0,1,1,0,1,0,1
1142708,1,0,1,1,0,1,0,0
1143542,1,0,1,1,0,1,1,0
1147708,1,0,1,1,0,1,1,1
1147917,1,0,1,1,0,1,0,1
1152708,1,0,1,1,0,1,0,0
1153542,0,1,1,1,0,1,1,0
1157708,0,1,1,1,0,1,1,1
1157917,0,1,1,1,0,1,0,1
1162708,0,1,1,1,0,1,0,0
1163542,0,1,1,1,0,1,1,0
1167708,0,1,1,1,0,1,1,1
1167917,0,1,1,1,0,1,0,1
1172708,0,1,1,1,0,1,0,0
1173542,0,1,1,1,0,1,1,0
1177708,0,1,1,1,0,1,1,1
1177917,0,1,1,1,0,1,0,1
1182708,0,1,1,1,0,1,0,0
1183542,1,0,1,1,0,1,1,0
1187708,1,0,1,1,0,1,1,1
1187917,1,0,1,1,0,1,0,1
1192708,1,0,1,1,0,1,0,0
1193542,0,1,1,1,0,1,1,0
1197708,0,1,1,1,0,1,1,1
1197917,0,1,1,1,0,1,0,1
1202708,0,1,1,1,0,1,0,0
1203542,0,1,1,1,0,1,1,0
1207708,0,1,1,1,0,1,1,1
1207917,0,1,1,1,0,1,0,1
1212708,0,1,1,1,0,1,0,0
1213542,1,0,1,1,0,1,1,0
1217708,1,0,1,1,0,1,1,1
1217917,1,0,1,1,0,1,0,1
1222708,1,0,1,1,0,1,0,0
1223542,0,1,1,1,0,1,1,0
1227708,0,1,1,1,0,1,1,1
1227917,0,1,1,1,0,1,0,1
1232708,0,1,1,1,0,1,0,0
1233542,0,1,1,1,0,1,1,0
1237708,0,1,1,1,0,1,1,1
1237917,0,1,1,1,0,1,0,1
1242708,0,1,1,1,0,1,0,0
1243542,1,0,1,1,0,1,1,0
1247708,1,0,1,1,0,1,1,1
1247917,1,0,1,1,0,1,0,1
1252708,1,0,1,1,0,1,0,0
1253542,1,0,1,1,0,1,1,0
1257708,1,0,1,1,0,1,1,1
1257917,1,0,1,1,0,1,0,1
1262708,1,0,1,1,0,1,0,0
1263542,1,0,1,1,0,1,1,0
1267708,1,0,1,1,0,1,1,1
1267917,1,0,1,1,0,1,0,1
1272708,1,0,1,1,0,1,0,0
1273542,1,0,1,1,0,1,1,0
1277708,1,0,1,1,0,1,1,1
1277917,1,0,1,1,0,1,0,1
1282708,1,0,1,1,0,1,0,0
1283542,1,0,1,1,0,1,1,0
1287708,1,0,1,1,0,1,1,1
1287917,1,0,1,1,0,1,0,1
1292708,1,0,1,1,0,1,0,0
1293542,0,0,1,1,0,1,1,0
1293750,0,1,1,1,0,1,1,0
1297708,0,1,1,1,0,1,1,1
1297917,0,1,1,1,0,1,0,1
1302708,0,1,1,1,0,1,0,0
1303542,0,1,1,1,0,1,1,0
1307708,0,1,1,1,0,1,1,1
1307917,0,1,1,1,0,1,0,1
1312708,0,1,1,1,0,1,0,0
1313542,0,1,1,1,0,1,1,0
1317708,0,1,1,1,0,1,1,1
1317917,0,1,1,1,0,1,0,1
1322708,0,1,1,1,0,1,0,0
1323542,0,1,1,1,0,1,1,0
1327708,0,1,1,1,0,1,1,1
1327917,0,1,1,1,0,1,0,1
1332708,0,1,1,1,0,1,0,0
1333542,0,0,1,1,0,1,0,0
1333750,1,0,1,1,0,1,1,0
1337708,1,0,1,1,0,1,1,1
1337917,1,0,1,1,0,1,0,1
1342708,1,0,1,1,0,1,0,0
1343542,0,0,1,1,0,1,0,0
1343750,0,1,1,1,0,1,1,0
1347708,0,1,1,1,0,1,1,1
1347917,0,1,1,1,0,1,0,1
1352708,0,1,1,1,0,1,0,0
1353542,0,0,1,1,0,1,0,0
1353750,1,0,1,1,0,1,1,0
1357708,1,0,1,1,0,1,1,1
1357917,1,0,1,1,0,1,0,1
1362708,1,0,1,1,0,1,0,0
1363542,0,0,1,1,0,1,0,0
1363750,0,1,1,1,0,1,1,0
1367708,0,1,1,1,0,1,1,1
1367917,0,1,1,1,0,1,0,1
1372708,0,1,1,1,0,1,0,0
1373750,0,1,1,1,0,1,1,0
1377708,0,1,1,1,0,1,1,1
1377917,0,1,1,1,0,1,0,1
1382708,0,1,1,1,0,1,0,0
1383750,1,0,1,1,0,1,1,0
1387708,1,0,1,1,0,1,1,1
1387917,1,0,1,1,0,1,0,1
1392708,1,0,1,1,0,1,0,0
1393750,1,0,1,1,0,1,1,0
1397708,1,0,1,1,0,1,1,1
1397917,1,0,1,1,0,1,0,1
1402708,1,0,1,1,0,1,0,0
1403750,0,1,1,1,0,1,1,0
1407708,0,1,1,1,0,1,1,1
1407917,0,1,1,1,0,1,0,1
1412708,0,1,1,1,0,1,0,0
1413750,1,0,1,1,0,1,1,0
1417708,1,0,1,1,0,1,1,1
1417917,1,0,1,1,0,1,0,1
1422708,1,0,1,1,0,1,0,0
1423750,1,0,1,1,0,1,1,0
1427708,1,0,1,1,0,1,1,1
1427917,1,0,1,1,0,1,0,1
1432708,1,0,1,1,0,1,0,0
1433750,1,0,1,1,0,1,1,0
1437708,1,0,1,1,0,1,1,1
1437917,1,0,1,1,0,1,0,1
1442708,1,0,1,1,0,1,0,0
1443750,1,0,1,1,0,1,1,0
1447708,1,0,1,1,0,1,1,1
1447917,1,0,1,1,0,1,0,1
1452708,1,0,1,1,0,1,0,0
1453750,1,0,1,1,0,1,1,0
1457708,1,0,1,1,0,1,1,1
1457917,1,0,1,1,0,1,0,1
1462708,1,0,1,1,0,1,0,0
1463750,0,1,1,1,0,1,1,0
1467708,0,1,1,1,0,1,1,1
1467917,0,1,1,1,0,1,0,1
1472708,0,1,1,1,0,1,0,0
1473750,0,1,1,1,0,1,1,0
1477708,0,1,1,1,0,1,1,1
1477917,0,1,1,1,0,1,0,1
1482708,0,1,1,1,0,1,0,0
1483750,1,0,1,1,0,1,1,0
1487708,1,0,1,1,0,1,1,1
1487917,1,0,1,1,0,1,0,1
1492708,1,0,1,1,0,1,0,0
1493750,1,0,1,1,0,1,1,0
1497708,1,0,1,1,0,1,1,1
1497917,1,0,1,1,0,1,0,1
1502708,1,0,1,1,0,1,0,0
1503750,1,0,1,1,0,1,1,0
1507708,1,0,1,1,0,1,1,1
1507917,1,0,1,1,0,1,0,1
1512708,1,0,1,1,0,1,0,0
1513750,1,0,1,1,0,1,1,0
1517708,1,0,1,1,0,1,1,1
1517917,1,0,1,1,0,1,0,1
1522708,1,0,1,1,0,1,0,0
1523750,0,1,1,1,0,1,1,0
1527708,0,1,1,1,0,1,1,1
1527917,0,1,1,1,0,1,0,1
1532917,0,1,1,1,0,1,0,0
1533750,0,1,1,1,0,1,1,0
1537917,0,1,1,1,0,1,0,1
1542917,0,1,1,1,0,1,0,0
1543750,0,1,1,1,0,1,1,0
1547917,0,1,1,1,0,1,0,1
1552917,0,1,1,1,0,1,0,0
1553750,1,0,1,1,0,1,1,0
1557917,1,0,1,1,0,1,1,1
1558125,1,0,1,1,0,1,0,1
1562917,1,0,1,1,0,1,0,0
1563750,1,0,1,1,0,1,1,0
1567917,1,0,1,1,0,1,1,1
1568125,1,0,1,1,0,1,0,1
1572917,1,0,1,1,0,1,0,0
1573750,1,0,1,1,0,1,1,0
1577917,1,0,1,1,0,1,1,1
1578125,1,0,1,1,0,1,0,1
1582917,1,0,1,1,0,1,0,0
1583750,0,0,0,0,0,1,1,0
1587917,0,0,0,0,0,1,1,1
1588125,0,0,0,0,0,1,0,1
1592917,0,0,0,0,0,1,0,0
1593750,1,1,1,1,0,1,1,0
1597917,1,1,1,1,0,1,1,1
1598125,1,1,1,1,0,1,0,1
1602917,1,1,1,1,0,1,0,0
1603750,0,0,1,1,0,1,1,0
1607917,0,0,1,1,0,1,1,1
1608125,0,0,1,1,0,1,0,1
1612917,0,0,1,1,0,1,0,0
1613750,1,0,1,1,0,1,1,0
1617917,1,0,1,1,0,1,1,1
1618125,1,0,1,1,0,1,0,1
1622917,1,0,1,1,0,1,0,0
1623750,0,1,1,1,0,1,1,0
1627917,0,1,1,1,0,1,1,1
1628125,0,1,1,1,0,1,0,1
1632917,0,1,1,1,0,1,0,0
1633750,0,1,1,1,0,1,1,0
1637917,0,1,1,1,0,1,1,1
1638125,0,1,1,1,0,1,0,1
1642917,0,1,1,1,0,1,0,0
1643750,0,1,1,1,0,1,1,0
1647917,0,1,1,1,0,1,1,1
1648125,0,1,1,1,0,1,0,1
1652917,0,1,1,1,0,1,0,0
1653750,0,0,1,1,0,1,1,0
1657917,0,0,1,1,0,1,1,1
1658125,0,0,1,1,0,1,0,1
1662917,0,0,1,1,0,1,0,0
1663750,0,0,1,1,0,1,1,0
1667917,0,0,1,1,0,1,1,1
1668125,0,0,1,1,0,1,0,1
1672917,0,0,1,1,0,1,0,0
1673750,0,1,1,1,0,1,1,0
1677917,0,1,1,1,0,1,1,1
1678125,0,1,1,1,0,1,0,1
1682917,0,1,1,1,0,1,0,0
1683750,0,1,1,1,0,1,1,0
1687917,0,1,1,1,0,1,1,1
1688125,0,1,1,1,0,1,0,1
1692917,0,1,1,1,0,1,0,0
1693750,0,1,1,1,0,1,1,0
1697917,0,1,1,1,0,1,1,1
1698125,0,1,1,1,0,1,0,1
1702917,0,1,1,1,0,1,0,0
1703750,0,0,1,1,0,1,1,0
1707917,0,0,1,1,0,1,1,1
1708125,0,0,1,1,0,1,0,1
1712917,0,0,1,1,0,1,0,0
1713958,0,0,1,1,0,1,1,0
1717917,0,0,1,1,0,1,1,1
1718125,0,0,1,1,0,1,0,1
1722917,0,0,1,1,0,1,0,0
1723750,0,1,1,1,0,1,1,0
1727917,0,1,1,1,0,1,1,1
1728125,0,1,1,1,0,1,0,1
1732917,0,1,1,1,0,1,0,0
1733750,0,1,1,1,0,1,1,0
1737917,0,1,1,1,0,1,1,1
1738125,0,1,1,1,0,1,0,1
1742917,0,1,1,1,0,1,0,0
1743750,0,0,1,1,0,1,0,0
1743958,1,0,1,1,0,1,1,0
1747917,1,0,1,1,0,1,1,1
1748125,1,0,1,1,0,1,0,1
1752917,1,0,1,1,0,1,0,0
1753958,1,0,1,1,0,1,1,0
1757917,1,0,1,1,0,1,1,1
1758125,1,0,1,1,0,1,0,1
1762917,1,0,1,1,0,1,0,0
1763958,1,0,1,1,0,1,1,0
1767917,1,0,1,1,0,1,1,1
1768125,1,0,1,1,0,1,0,1
1772917,1,0,1,1,0,1,0,0
1773750,0,0,1,1,0,1,0,0
1773958,0,1,1,1,0,1,1,0
1777917,0,1,1,1,0,1,1,1
1778125,0,1,1,1,0,1,0,1
1782917,0,1,1,1,0,1,0,0
1783958,0,1,1,1,0,1,1,0
1787917,0,1,1,1,0,1,1,1
1788125,0,1,1,1,0,1,0,1
1792917,0,1,1,1,0,1,0,0
1793958,0,1,1,1,0,1,1,0
1797917,0,1,1,1,0,1,1,1
1798125,0,1,1,1,0,1,0,1
1802917,0,1,1,1,0,1,0,0
1803958,1,0,1,1,0,1,1,0
1807917,1,0,1,1,0,1,1,1
1808125,1,0,1,1,0,1,0,1
1812917,1,0,1,1,0,1,0,0
1813958,0,0,1,1,0,1,1,0
1817917,0,0,1,1,0,1,1,1
1818125,0,0,1,1,0,1,0,1
1822917,0,0,1,1,0,1,0,0
1823958,1,0,1,1,0,1,1,0
1827917,1,0,1,1,0,1,1,1
1828125,1,0,1,1,0,1,0,1
1832917,1,0,1,1,0,1,0,0
1833958,1,1,1,1,0,1,1,0
1837917,1,1,1,1,0,1,1,1
1838125,1,1,1,1,0,1,0,1
1842917,1,1,1,1,0,1,0,0
1843958,1,1,1,1,0,1,1,0
1847917,1,1,1,1,0,1,1,1
1848125,1,1,1,1,0,1,0,1
1852917,1,1,1,1,0,1,0,0
1853958,1,1,1,1,0,1,1,0
1857917,1,1,1,1,0,1,1,1
1858125,1,1,1,1,0,1,0,1
1862917,1,1,1,1,0,1,0,0
1863958,1,0,1,1,0,1,1,0
1867917,1,0,1,1,0,1,1,1
1868125,1,0,1,1,0,1,0,1
1872917,1,0,1,1,0,1,0,0
1873958,1,0,1,1,0,1,1,0
1877917,1,0,1,1,0,1,1,1
1878125,1,0,1,1,0,1,0,1
1882917,1,0,1,1,0,1,0,0
1883958,0,1,1,1,0,1,1,0
1887917,0,1,1,1,0,1,1,1
1888125,0,1,1,1,0,1,0,1
1892917,0,1,1,1,0,1,0,0
1893958,1,1,1,1,0,1,1,0
1897917,1,1,1,1,0,1,1,1
1898125,1,1,1,1,0,1,0,1
1902917,1,1,1,1,0,1,0,0
1903958,0,1,1,1,0,1,1,0
1907917,0,1,1,1,0,1,1,1
1908125,0,1,1,1,0,1,0,1
1912917,0,1,1,1,0,1,0,0
1913958,1,0,1,1,0,1,1,0
1917917,1,0,1,1,0,1,1,1
1918125,1,0,1,1,0,1,0,1
1922917,1,0,1,1,0,1,0,0
1923958,1,0,1,1,0,1,1,0
1927917,1,0,1,1,0,1,1,1
1928125,1,0,1,1,0,1,0,1
1932917,1,0,1,1,0,1,0,0
1933958,1,0,1,1,0,1,1,0
1937917,1,0,1,1,0,1,1,1
1938125,1,0,1,1,0,1,0,1
1942917,1,0,1,1,0,1,0,0
1943958,0,1,1,1,0,1,1,0
1948125,0,1,1,1,0,1,0,1
1953125,0,1,1,1,0,1,0,0
1953958,0,1,1,1,0,1,1,0
1958125,0,1,1,1,0,1,0,1
1963125,0,1,1,1,0,1,0,0
1963958,1,0,1,1,0,1,1,0
1968125,1,0,1,1,0,1,0,1
1973125,1,0,1,1,0,1,0,0
1973958,1,0,1,1,0,1,1,0
1978125,1,0,1,1,0,1,1,1
1978333,1,0,1,1,0,1,0,1
1983125,1,0,1,1,0,1,0,0
1983958,1,0,1,1,0,1,1,0
1988125,1,0,1,1,0,1,1,1
1988333,1,0,1,1,0,1,0,1
1993125,1,0,1,1,0,1,0,0
1993958,0,1,1,1,0,1,1,0
1998125,0,1,1,1,0,1,1,1
1998333,0,1,1,1,0,1,0,1
2003125,0,1,1,1,0,1,0,0
2003958,1,0,1,1,0,1,1,0
2008125,1,0,1,1,0,1,1,1
2008333,1,0,1,1,0,1,0,1
2013125,1,0,1,1,0,1,0,0
2013958,1,0,1,1,0,1,1,0
2018125,1,0,1,1,0,1,1,1
2018333,1,0,1,1,0,1,0,1
2023125,1,0,1,1,0,1,0,0
2023958,1,0,1,1,0,1,1,0
2028125,1,0,1,1,0,1,1,1
2028333,1,0,1,1,0,1,0,1
2033125,1,0,1,1,0,1,0,0
2033958,1,0,1,1,0,1,1,0
2038125,1,0,1,1,0,1,1,1
2038333,1,0,1,1,0,1,0,1
2043125,1,0,1,1,0,1,0,0
2043958,1,1,1,1,0,1,1,0
2048125,1,1,1,1,0,1,1,1
2048333,1,1,1,1,0,1,0,1
2053125,1,1,1,1,0,1,0,0
2053958,0,1,1,1,0,1,1,0
2058125,0,1,1,1,0,1,1,1
2058333,0,1,1,1,0,1,0,1
2063125,0,1,1,1,0,1,0,0
2063958,0,1,1,1,0,1,1,0
2068125,0,1,1,1,0,1,1,1
2068333,0,1,1,1,0,1,0,1
2073125,0,1,1,1,0,1,0,0
2073958,0,0,1,1,0,1,1,0
2078125,0,0,1,1,0,1,1,1
2078333,0,0,1,1,0,1,0,1
2083125,0,0,1,1,0,1,0,0
2083958,1,0,1,1,0,1,1,0
2088125,1,0,1,1,0,1,1,1
2088333,1,0,1,1,0,1,0,1
2093125,1,0,1,1,0,1,0,0
2093958,0,1,1,1,0,1,1,0
2098125,0,1,1,1,0,1,1,1
2098333,0,1,1,1,0,1,0,1
2103125,0,1,1,1,0,1,0,0
2103958,0,1,1,1,0,1,1,0
2108125,0,1,1,1,0,1,1,1
2108333,0,1,1,1,0,1,0,1
2113125,0,1,1,1,0,1,0,0
2113958,0,0,0,0,0,1,1,0
2118125,0,0,0,0,0,1,1,1
2118333,0,0,0,0,0,1,0,1
2123125,0,0,0,0,0,1,0,0
2123958,0,0,1,0,0,1,0,0
2124167,0,1,1,1,0,1,1,0
2128125,0,1,1,1,0,1,1,1
2128333,0,1,1,1,0,1,0,1
2133125,0,1,1,1,0,1,0,0
2133958,0,0,1,1,0,1,0,0
2134167,1,0,1,1,0,1,1,0
2138125,1,0,1,1,0,1,1,1
2138333,1,0,1,1,0,1,0,1
2143125,1,0,1,1,0,1,0,0
2143958,0,0,1,1,0,1,0,0
2144167,0,1,1,1,0,1,1,0
2148125,0,1,1,1,0,1,1,1
2148333,0,1,1,1,0,1,0,1
2153125,0,1,1,1,0,1,0,0
2153958,0,1,1,1,0,1,1,0
2158125,0,1,1,1,0,1,1,1
2158333,0,1,1,1,0,1,0,1
2163125,0,1,1,1,0,1,0,0
2163958,0,1,1,1,0,1,1,0
2168125,0,1,1,1,0,1,1,1
2168333,0,1,1,1,0,1,0,1
2173125,0,1,1,1,0,1,0,0
2173958,0,0,1,1,0,1,0,0
2174167,1,0,1,1,0,1,1,0
2178125,1,0,1,1,0,1,1,1
2178333,1,0,1,1,0,1,0,1
2183125,1,0,1,1,0,1,0,0
2184167,1,0,1,1,0,1,1,0
2188125,1,0,1,1,0,1,1,1
2188333,1,0,1,1,0,1,0,1
2193125,1,0,1,1,0,1,0,0
2193958,0,0,1,1,0,1,0,0
2194167,0,1,1,1,0,1,1,0
2198125,0,1,1,1,0,1,1,1
2198333,0,1,1,1,0,1,0,1
2203125,0,1,1,1,0,1,0,0
2203958,0,0,1,1,0,1,0,0
2204167,1,0,1,1,0,1,1,0
2208125,1,0,1,1,0,1,1,1
2208333,1,0,1,1,0,1,0,1
2213125,1,0,1,1,0,1,0,0
2214167,1,0,1,1,0,1,1,0
2218125,1,0,1,1,0,1,1,1
2218333,1,0,1,1,0,1,0,1
2223125,1,0,1,1,0,1,0,0
2224167,1,0,1,1,0,1,1,0
2228125,1,0,1,1,0,1,1,1
2228333,1,0,1,1,0,1,0,1
2233125,1,0,1,1,0,1,0,0
2234167,0,0,1,1,0,1,1,0
2238125,0,0,1,1,0,1,1,1
2238333,0,0,1,1,0,1,0,1
2243125,0,0,1,1,0,1,0,0
2244167,0,1,1,1,0,1,1,0
2248125,0,1,1,1,0,1,1,1
2248333,0,1,1,1,0,1,0,1
2253125,0,1,1,1,0,1,0,0
2254167,1,1,1,1,0,1,1,0
2258125,1,1,1,1,0,1,1,1
2258333,1,1,1,1,0,1,0,1
2263125,1,1,1,1,0,1,0,0
2263958,0,1,1,1,0,1,0,0
2264167,0,1,1,1,0,1,1,0
2268125,0,1,1,1,0,1,1,1
2268333,0,1,1,1,0,1,0,1
2273125,0,1,1,1,0,1,0,0
2274167,1,0,1,1,0,1,1,0
2278125,1,0,1,1,0,1,1,1
2278333,1,0,1,1,0,1,0,1
2283125,1,0,1,1,0,1,0,0
2284167,1,0,1,1,0,1,1,0
2288125,1,0,1,1,0,1,1,1
2288333,1,0,1,1,0,1,0,1
2293125,1,0,1,1,0,1,0,0
2294167,1,0,1,1,0,1,1,0
2298125,1,0,1,1,0,1,1,1
2298333,1,0,1,1,0,1,0,1
2303125,1,0,1,1,0,1,0,0
2304167,0,1,1,1,0,1,1,0
2308125,0,1,1,1,0,1,1,1
2308333,0,1,1,1,0,1,0,1
2313125,0,1,1,1,0,1,0,0
2314167,1,1,1,1,0,1,1,0
2318125,1,1,1,1,0,1,1,1
2318333,1,1,1,1,0,1,0,1
2323125,1,1,1,1,0,1,0,0
2324167,1,0,1,1,0,1,1,0
2328125,1,0,1,1,0,1,1,1
2328333,1,0,1,1,0,1,0,1
2333125,1,0,1,1,0,1,0,0
2334167,0,0,1,1,0,1,1,0
2338125,0,0,1,1,0,1,1,1
2338333,0,0,1,1,0,1,0,1
2343125,0,0,1,1,0,1,0,0
2344167,1,0,1,1,0,1,1,0
2348125,1,0,1,1,0,1,1,1
2348333,1,0,1,1,0,1,0,1
2353125,1,0,1,1,0,1,0,0
2354167,0,1,1,1,0,1,1,0
2358125,0,1,1,1,0,1,1,1
2358333,0,1,1,1,0,1,0,1
2363333,0,1,1,1,0,1,0,0
2364167,1,1,1,1,0,1,1,0
2368333,1,1,1,1,0,1,0,1
2373333,1,1,1,1,0,1,0,0
2374167,1,0,1,1,0,1,1,0
2378333,1,0,1,1,0,1,0,1
2383333,1,0,1,1,0,1,0,0
2384167,1,0,1,1,0,1,1,0
2388333,1,0,1,1,0,1,1,1
2388542,1,0,1,1,0,1,0,1
2393333,1,0,1,1,0,1,0,0
2394167,0,1,1,1,0,1,1,0
2398333,0,1,1,1,0,1,1,1
2398542,0,1,1,1,0,1,0,1
2403333,0,1,1,1,0,1,0,0
2404167,0,1,1,1,0,1,1,0
2408333,0,1,1,1,0,1,1,1
2408542,0,1,1,1,0,1,0,1
2413333,0,1,1,1,0,1,0,0
2414167,1,1,1,1,0,1,1,0
2418333,1,1,1,1,0,1,1,1
2418542,1,1,1,1,0,1,0,1
2423333,1,1,1,1,0,1,0,0
2424167,0,1,1,1,0,1,1,0
2428333,0,1,1,1,0,1,1,1
2428542,0,1,1,1,0,1,0,1
2433333,0,1,1,1,0,1,0,0
2434167,1,0,1,1,0,1,1,0
2438333,1,0,1,1,0,1,1,1
2438542,1,0,1,1,0,1,0,1
2443333,1,0,1,1,0,1,0,0
2444167,0,0,1,1,0,1,1,0
2448333,0,0,1,1,0,1,1,1
2448542,0,0,1,1,0,1,0,1
2453333,0,0,1,1,0,1,0,0
2454167,0,1,1,1,0,1,1,0
2458333,0,1,1,1,0,1,1,1
2458542,0,1,1,1,0,1,0,1
2463333,0,1,1,1,0,1,0,0
2464167,0,1,1,1,0,1,1,0
2468333,0,1,1,1,0,1,1,1
2468542,0,1,1,1,0,1,0,1
2473333,0,1,1,1,0,1,0,0
2474167,0,1,1,1,0,1,1,0
2478333,0,1,1,1,0,1,1,1
2478542,0,1,1,1,0,1,0,1
2483333,0,1,1,1,0,1,0,0
2484167,1,0,1,1,0,1,1,0
2488333,1,0,1,1,0,1,1,1
2488542,1,0,1,1,0,1,0,1
2493333,1,0,1,1,0,1,0,0
2494167,1,0,1,1,0,1,1,0
2498333,1,0,1,1,0,1,1,1
2498542,1,0,1,1,0,1,0,1
2503333,1,0,1,1,0,1,0,0
2504167,1,0,1,1,0,1,1,0
2508333,1,0,1,1,0,1,1,1
2508542,1,0,1,1,0,1,0,1
2513333,1,0,1,1,0,1,0,0
2514167,0,1,1,1,0,1,1,0
2518333,0,1,1,1,0,1,1,1
2518542,0,1,1,1,0,1,0,1
2523333,0,1,1,1,0,1,0,0
2524167,1,1,1,1,0,1,1,0
2528333,1,1,1,1,0,1,1,1
2528542,1,1,1,1,0,1,0,1
2533333,1,1,1,1,0,1,0,0
2534167,0,1,1,1,0,1,1,0
2538333,0,1,1,1,0,1,1,1
2538542,0,1,1,1,0,1,0,1
2543333,0,1,1,1,0,1,0,0
2544167,0,0,1,1,0,1,1,0
2544375,1,0,1,1,0,1,1,0
2548333,1,0,1,1,0,1,1,1
2548542,1,0,1,1,0,1,0,1
2553333,1,0,1,1,0,1,0,0
2554167,0,0,1,1,0,1,1,0
2554375,0,1,1,1,0,1,1,0
2558333,0,1,1,1,0,1,1,1
2558542,0,1,1,1,0,1,0,1
2563333,0,1,1,1,0,1,0,0
2564167,0,0,1,1,0,1,0,0
2564375,1,0,1,1,0,1,1,0
2568333,1,0,1,1,0,1,1,1
2568542,1,0,1,1,0,1,0,1
2573333,1,0,1,1,0,1,0,0
2574167,1,0,1,1,0,1,1,0
2578333,1,0,1,1,0,1,1,1
2578542,1,0,1,1,0,1,0,1
2583333,1,0,1,1,0,1,0,0
2584167,0,0,1,1,0,1,1,0
2584375,0,1,1,1,0,1,1,0
2588333,0,1,1,1,0,1,1,1
2588542,0,1,1,1,0,1,0,1
2593333,0,1,1,1,0,1,0,0
2594167,0,1,1,1,0,1,1,0
2598333,0,1,1,1,0,1,1,1
2598542,0,1,1,1,0,1,0,1
2603333,0,1,1,1,0,1,0,0
2604167,1,1,1,1,0,1,1,0
2608333,1,1,1,1,0,1,1,1
2608542,1,1,1,1,0,1,0,1
2613333,1,1,1,1,0,1,0,0
2614375,0,0,1,1,0,1,1,0
2618333,0,0,1,1,0,1,1,1
2618542,0,0,1,1,0,1,0,1
2623333,0,0,1,1,0,1,0,0
2624167,1,1,1,1,0,1,0,0
2624375,1,1,1,1,0,1,1,0
2628333,1,1,1,1,0,1,1,1
2628542,1,1,1,1,0,1,0,1
2633333,1,1,1,1,0,1,0,0
2634167,0,1,1,1,0,1,0,0
2634375,0,1,1,1,0,1,1,0
2638333,0,1,1,1,0,1,1,1
2638542,0,1,1,1,0,1,0,1
2643333,0,1,1,1,0,1,0,0
2644375,0,1,1,1,0,1,1,0
2648333,0,1,1,1,0,1,1,1
2648542,0,1,1,1,0,1,0,1
2653333,0,1,1,1,0,1,0,0
2654375,0,1,1,1,0,1,1,0
2658333,0,1,1,1,0,1,1,1
2658542,0,1,1,1,0,1,0,1
2663333,0,1,1,1,0,1,0,0
2664375,1,0,1,1,0,1,1,0
2668333,1,0,1,1,0,1,1,1
2668542,1,0,1,1,0,1,0,1
2673333,1,0,1,1,0,1,0,0
2674375,1,0,1,1,0,1,1,0
2678333,1,0,1,1,0,1,1,1
2678542,1,0,1,1,0,1,0,1
2683333,1,0,1,1,0,1,0,0
2684375,0,1,1,1,0,1,1,0
2688333,0,1,1,1,0,1,1,1
2688542,0,1,1,1,0,1,0,1
2693333,0,1,1,1,0,1,0,0
2694375,0,1,1,1,0,1,1,0
2698333,0,1,1,1,0,1,1,1
2698542,0,1,1,1,0,1,0,1
2703333,0,1,1,1,0,1,0,0
2704375,0,1,1,1,0,1,1,0
2708333,0,1,1,1,0,1,1,1
2708542,0,1,1,1,0,1,0,1
2713333,0,1,1,1,0,1,0,0
2714375,1,0,1,1,0,1,1,0
2718333,1,0,1,1,0,1,1,1
2718542,1,0,1,1,0,1,0,1
2723333,1,0,1,1,0,1,0,0
2724375,0,1,1,1,0,1,1,0
2728333,0,1,1,1,0,1,1,1
2728542,0,1,1,1,0,1,0,1
2733333,0,1,1,1,0,1,0,0
2734375,0,1,1,1,0,1,1,0
2738333,0,1,1,1,0,1,1,1
2738542,0,1,1,1,0,1,0,1
2743333,0,1,1,1,0,1,0,0
2744375,1,0,1,1,0,1,1,0
2748333,1,0,1,1,0,1,1,1
2748542,1,0,1,1,0,1,0,1
2753333,1,0,1,1,0,1,0,0
2754375,0,1,1,1,0,1,1,0
2758333,0,1,1,1,0,1,1,1
2758542,0,1,1,1,0,1,0,1
2763333,0,1,1,1,0,1,0,0
2764375,1,0,1,1,0,1,1,0
2768333,1,0,1,1,0,1,1,1
2768542,1,0,1,1,0,1,0,1
2773333,1,0,1,1,0,1,0,0
2774375,0,0,1,1,0,1,1,0
2778333,0,0,1,1,0,1,1,1
2778542,0,0,1,1,0,1,0,1
2783542,0,0,1,1,0,1,0,0
2784375,1,0,1,1,0,1,1,0
2788542,1,0,1,1,0,1,0,1
2793542,1,0,1,1,0,1,0,0
2794375,0,1,1,1,0,1,1,0
2798542,0,1,1,1,0,1,0,1
2803542,0,1,1,1,0,1,0,0
2804375,0,1,1,1,0,1,1,0
2808542,0,1,1,1,0,1,1,1
2808750,0,1,1,1,0,1,0,1
2813542,0,1,1,1,0,1,0,0
2814375,1,0,1,1,0,1,1,0
2818542,1,0,1,1,0,1,1,1
2818750,1,0,1,1,0,1,0,1
2823542,1,0,1,1,0,1,0,0
2824375,1,0,1,1,0,1,1,0
2828542,1,0,1,1,0,1,1,1
2828750,1,0,1,1,0,1,0,1
2833542,1,0,1,1,0,1,0,0
2834375,1,0,1,1,0,1,1,0
2838542,1,0,1,1,0,1,1,1
2838750,1,0,1,1,0,1,0,1
2843542,1,0,1,1,0,1,0,0
2844375,0,1,1,1,0,1,1,0
2848542,0,1,1,1,0,1,1,1
2848750,0,1,1,1,0,1,0,1
2853542,0,1,1,1,0,1,0,0
2854375,1,1,1,1,0,1,1,0
2858542,1,1,1,1,0,1,1,1
2858750,1,1,1,1,0,1,0,1
2863542,1,1,1,1,0,1,0,0
2864375,0,1,1,1,0,1,1,0
2868542,0,1,1,1,0,1,1,1
2868750,0,1,1,1,0,1,0,1
2873542,0,1,1,1,0,1,0,0
2874375,0,0,1,1,0,1,1,0
2874583,1,0,1,1,0,1,1,0
2878542,1,0,1,1,0,1,1,1
2878750,1,0,1,1,0,1,0,1
2883542,1,0,1,1,0,1,0,0
2884375,0,1,1,1,0,1,1,0
2888542,0,1,1,1,0,1,1,1
2888750,0,1,1,1,0,1,0,1
2893542,0,1,1,1,0,1,0,0
2894375,1,1,1,1,0,1,1,0
2898542,1,1,1,1,0,1,1,1
2898750,1,1,1,1,0,1,0,1
2903542,1,1,1,1,0,1,0,0
2904375,0,1,1,1,0,1,1,0
2908542,0,1,1,1,0,1,1,1
2908750,0,1,1,1,0,1,0,1
2913542,0,1,1,1,0,1,0,0
2914375,1,0,1,1,0,1,1,0
2918542,1,0,1,1,0,1,1,1
2918750,1,0,1,1,0,1,0,1
2923542,1,0,1,1,0,1,0,0
2924375,1,0,1,1,0,1,1,0
2928542,1,0,1,1,0,1,1,1
2928750,1,0,1,1,0,1,0,1
2933542,1,0,1,1,0,1,0,0
2934375,1,0,1,1,0,1,1,0
2938542,1,0,1,1,0,1,1,1
2938750,1,0,1,1,0,1,0,1
2943542,1,0,1,1,0,1,0,0
2944375,1,0,1,1,0,1,1,0
2948542,1,0,1,1,0,1,1,1
2948750,1,0,1,1,0,1,0,1
2953542,1,0,1,1,0,1,0,0
2954375,0,0,1,1,0,1,1,0
2954583,0,1,1,1,0,1,1,0
2958542,0,1,1,1,0,1,1,1
2958750,0,1,1,1,0,1,0,1
2963542,0,1,1,1,0,1,0,0
2964375,1,1,1,1,0,1,1,0
2968542,1,1,1,1,0,1,1,1
2968750,1,1,1,1,0,1,0,1
2973542,1,1,1,1,0,1,0,0
2974375,0,1,1,1,0,1,1,0
2978542,0,1,1,1,0,1,1,1
2978750,0,1,1,1,0,1,0,1
2983542,0,1,1,1,0,1,0,0
2984375,0,0,1,1,0,1,1,0
2984583,1,0,1,1,0,1,1,0
2988542,1,0,1,1,0,1,1,1
2988750,1,0,1,1,0,1,0,1
2993542,1,0,1,1,0,1,0,0
2994583,1,0,1,1,0,1,1,0
2998542,1,0,1,1,0,1,1,1
2998750,1,0,1,1,0,1,0,1
3003542,1,0,1,1,0,1,0,0
3004375,0,0,1,1,0,1,1,0
3004583,0,1,1,1,0,1,1,0
3008542,0,1,1,1,0,1,1,1
3008750,0,1,1,1,0,1,0,1
3013542,0,1,1,1,0,1,0,0
3014375,0,1,1,1,0,1,1,0
3018542,0,1,1,1,0,1,1,1
3018750,0,1,1,1,0,1,0,1
3023542,0,1,1,1,0,1,0,0
3024375,0,1,1,1,0,1,1,0
3028542,0,1,1,1,0,1,1,1
3028750,0,1,1,1,0,1,0,1
3033542,0,1,1,1,0,1,0,0
3034583,0,1,1,1,0,1,1,0
3038542,0,1,1,1,0,1,1,1
3038750,0,1,1,1,0,1,0,1
3043542,0,1,1,1,0,1,0,0
3044583,1,0,1,1,0,1,1,0
3048542,1,0,1,1,0,1,1,1
3048750,1,0,1,1,0,1,0,1
3053542,1,0,1,1,0,1,0,0
3054583,1,0,1,1,0,1,1,0
3058542,1,0,1,1,0,1,1,1
3058750,1,0,1,1,0,1,0,1
3063542,1,0,1,1,0,1,0,0
3064375,0,0,1,1,0,1,0,0
3064583,0,1,1,1,0,1,1,0
3068542,0,1,1,1,0,1,1,1
3068750,0,1,1,1,0,1,0,1
3073542,0,1,1,1,0,1,0,0
3074583,0,1,1,1,0,1,1,0
3078542,0,1,1,1,0,1,1,1
3078750,0,1,1,1,0,1,0,1
3083542,0,1,1,1,0,1,0,0
3084375,0,0,1,1,0,1,0,0
3084583,1,0,1,1,0,1,1,0
3088542,1,0,1,1,0,1,1,1
3088750,1,0,1,1,0,1,0,1
3093542,1,0,1,1,0,1,0,0
3094583,1,0,1,1,0,1,1,0
3098542,1,0,1,1,0,1,1,1
3098750,1,0,1,1,0,1,0,1
3103542,1,0,1,1,0,1,0,0
3104583,0,1,1,1,0,1,1,0
3108542,0,1,1,1,0,1,1,1
3108750,0,1,1,1,0,1,0,1
3113542,0,1,1,1,0,1,0,0
3114583,1,0,1,1,0,1,1,0
3118542,1,0,1,1,0,1,1,1
3118750,1,0,1,1,0,1,0,1
3123542,1,0,1,1,0,1,0,0
3124583,1,0,1,1,0,1,1,0
3128542,1,0,1,1,0,1,1,1
3128750,1,0,1,1,0,1,0,1
3133542,1,0,1,1,0,1,0,0
3134583,1,1,1,1,0,1,1,0
3138542,1,1,1,1,0,1,1,1
3138750,1,1,1,1,0,1,0,1
3143542,1,1,1,1,0,1,0,0
3144583,1,0,1,1,0,1,1,0
3148542,1,0,1,1,0,1,1,1
3148750,1,0,1,1,0,1,0,1
3153542,1,0,1,1,0,1,0,0
3154583,0,1,1,1,0,1,1,0
3158542,0,1,1,1,0,1,1,1
3158750,0,1,1,1,0,1,0,1
3163542,0,1,1,1,0,1,0,0
3164583,0,1,1,1,0,1,1,0
3168542,0,1,1,1,0,1,1,1
3168750,0,1,1,1,0,1,0,1
3173542,0,1,1,1,0,1,0,0
3174583,1,1,1,1,0,1,1,0
3178542,1,1,1,1,0,1,1,1
3178750,1,1,1,1,0,1,0,1
3183542,1,1,1,1,0,1,0,0
3184583,0,1,1,1,0,1,1,0
3188542,0,1,1,1,0,1,1,1
3188750,0,1,1,1,0,1,0,1
3193542,0,1,1,1,0,1,0,0
3194583,1,0,1,1,0,1,1,0
3198542,1,0,1,1,0,1,1,1
3198750,1,0,1,1,0,1,0,1
3203750,1,0,1,1,0,1,0,0
3204583,1,0,1,1,0,1,1,0
3208750,1,0,1,1,0,1,0,1
3213750,1,0,1,1,0,1,0,0
3214583,1,0,1,1,0,1,1,0
3218750,1,0,1,1,0,1,0,1
3223750,1,0,1,1,0,1,0,0
3224583,0,1,1,1,0,1,1,0
3228750,0,1,1,1,0,1,1,1
3228958,0,1,1,1,0,1,0,1
3233750,0,1,1,1,0,1,0,0
3234583,0,1,1,1,0,1,1,0
3238750,0,1,1,1,0,1,1,1
3238958,0,1,1,1,0,1,0,1
3243750,0,1,1,1,0,1,0,0
3244583,1,0,1,1,0,1,1,0
3248750,1,0,1,1,0,1,1,1
3248958,1,0,1,1,0,1,0,1
3253750,1,0,1,1,0,1,0,0
3254583,1,0,1,1,0,1,1,0
3258750,1,0,1,1,0,1,1,1
3258958,1,0,1,1,0,1,0,1
3263750,1,0,1,1,0,1,0,0
3264583,0,1,1,1,0,1,1,0
3268750,0,1,1,1,0,1,1,1
3268958,0,1,1,1,0,1,0,1
3273750,0,1,1,1,0,1,0,0
3274583,0,1,1,1,0,1,1,0
3278750,0,1,1,1,0,1,1,1
3278958,0,1,1,1,0,1,0,1
3283750,0,1,1,1,0,1,0,0
3284583,0,1,1,1,0,1,1,0
3288750,0,1,1,1,0,1,1,1
3288958,0,1,1,1,0,1,0,1
3293750,0,1,1,1,0,1,0,0
3294583,1,0,1,1,0,1,1,0
3298750,1,0,1,1,0,1,1,1
3298958,1,0,1,1,0,1,0,1
3303750,1,0,1,1,0,1,0,0
3304583,0,0,1,1,0,1,1,0
3308750,0,0,1,1,0,1,1,1
3308958,0,0,1,1,0,1,0,1
3313750,0,0,1,1,0,1,0,0
3314583,1,0,1,1,0,1,1,0
3318750,1,0,1,1,0,1,1,1
3318958,1,0,1,1,0,1,0,1
3323750,1,0,1,1,0,1,0,0
3324583,0,1,1,1,0,1,1,0
3328750,0,1,1,1,0,1,1,1
3328958,0,1,1,1,0,1,0,1
3333750,0,1,1,1,0,1,0,0
3334583,1,1,1,1,0,1,1,0
3338750,1,1,1,1,0,1,1,1
3338958,1,1,1,1,0,1,0,1
3343750,1,1,1,1,0,1,0,0
3344583,1,0,1,1,0,1,1,0
3348750,1,0,1,1,0,1,1,1
3348958,1,0,1,1,0,1,0,1
3353750,1,0,1,1,0,1,0,0
3354583,0,0,1,1,0,1,1,0
3358750,0,0,1,1,0,1,1,1
3358958,0,0,1,1,0,1,0,1
3363750,0,0,1,1,0,1,0,0
3364583,1,0,1,1,0,1,1,0
3368750,1,0,1,1,0,1,1,1
3368958,1,0,1,1,0,1,0,1
3373750,1,0,1,1,0,1,0,0
3374583,1,0,1,1,0,1,1,0
3378750,1,0,1,1,0,1,1,1
3378958,1,0,1,1,0,1,0,1
3383750,1,0,1,1,0,1,0,0
3384583,0,0,1,1,0,1,1,0
3384792,0,1,1,1,0,1,1,0
3388750,0,1,1,1,0,1,1,1
3388958,0,1,1,1,0,1,0,1
3393750,0,1,1,1,0,1,0,0
3394583,1,1,1,1,0,1,1,0
3398750,1,1,1,1,0,1,1,1
3398958,1,1,1,1,0,1,0,1
3403750,1,1,1,1,0,1,0,0
3404583,1,0,1,1,0,1,1,0
3408750,1,0,1,1,0,1,1,1
3408958,1,0,1,1,0,1,0,1
3413750,1,0,1,1,0,1,0,0
3414583,1,1,1,1,0,1,1,0
3418750,1,1,1,1,0,1,1,1
3418958,1,1,1,1,0,1,0,1
3423750,1,1,1,1,0,1,0,0
3424583,0,1,1,1,0,1,1,0
3428750,0,1,1,1,0,1,1,1
3428958,0,1,1,1,0,1,0,1
3433750,0,1,1,1,0,1,0,0
3434583,1,1,1,1,0,1,1,0
3438750,1,1,1,1,0,1,1,1
3438958,1,1,1,1,0,1,0,1
3443750,1,1,1,1,0,1,0,0
3444583,0,1,1,1,0,1,0,0
3444792,0,1,1,1,0,1,1,0
3448750,0,1,1,1,0,1,1,1
3448958,0,1,1,1,0,1,0,1
3453750,0,1,1,1,0,1,0,0
3454583,0,0,1,1,0,1,0,0
3454792,1,0,1,1,0,1,1,0
3458750,1,0,1,1,0,1,1,1
3458958,1,0,1,1,0,1,0,1
3463750,1,0,1,1,0,1,0,0
3464792,1,0,1,1,0,1,1,0
3468750,1,0,1,1,0,1,1,1
3468958,1,0,1,1,0,1,0,1
3473750,1,0,1,1,0,1,0,0
3474583,0,0,1,1,0,1,0,0
3474792,0,1,1,1,0,1,1,0
3478750,0,1,1,1,0,1,1,1
3478958,0,1,1,1,0,1,0,1
3483750,0,1,1,1,0,1,0,0
3484792,1,1,1,1,0,1,1,0
3488750,1,1,1,1,0,1,1,1
3488958,1,1,1,1,0,1,0,1
3493750,1,1,1,1,0,1,0,0
3494583,0,1,1,1,0,1,0,0
3494792,0,1,1,1,0,1,1,0
3498750,0,1,1,1,0,1,1,1
3498958,0,1,1,1,0,1,0,1
3503750,0,1,1,1,0,1,0,0
3504792,1,0,1,1,0,1,1,0
3508750,1,0,1,1,0,1,1,1
3508958,1,0,1,1,0,1,0,1
3513750,1,0,1,1,0,1,0,0
3514792,0,0,1,1,0,1,1,0
3518750,0,0,1,1,0,1,1,1
3518958,0,0,1,1,0,1,0,1
3523750,0,0,1,1,0,1,0,0
3524792,0,1,1,1,0,1,1,0
3528750,0,1,1,1,0,1,1,1
3528958,0,1,1,1,0,1,0,1
3533750,0,1,1,1,0,1,0,0
3534792,0,1,1,1,0,1,1,0
3538750,0,1,1,1,0,1,1,1
3538958,0,1,1,1,0,1,0,1
3543750,0,1,1,1,0,1,0,0
3544792,0,1,1,1,0,1,1,0
3548750,0,1,1,1,0,1,1,1
3548958,0,1,1,1,0,1,0,1
3553750,0,1,1,1,0,1,0,0
3554792,1,0,1,1,0,1,1,0
3558750,1,0,1,1,0,1,1,1
3558958,1,0,1,1,0,1,0,1
3563750,1,0,1,1,0,1,0,0
3564792,1,0,1,1,0,1,1,0
3568750,1,0,1,1,0,1,1,1
3568958,1,0,1,1,0,1,0,1
3573750,1,0,1,1,0,1,0,0
3574792,1,0,1,1,0,1,1,0
3578750,1,0,1,1,0,1,1,1
3578958,1,0,1,1,0,1,0,1
3583750,1,0,1,1,0,1,0,0
3584792,0,1,1,1,0,1,1,0
3588750,0,1,1,1,0,1,1,1
3588958,0,1,1,1,0,1,0,1
3593750,0,1,1,1,0,1,0,0
3594792,0,1,1,1,0,1,1,0
3598750,0,1,1,1,0,1,1,1
3598958,0,1,1,1,0,1,0,1
3603750,0,1,1,1,0,1,0,0
3604792,0,1,1,1,0,1,1,0
3608750,0,1,1,1,0,1,1,1
3608958,0,1,1,1,0,1,0,1
3613750,0,1,1,1,0,1,0,0
3614792,1,0,1,1,0,1,1,0
3618958,1,0,1,1,0,1,0,1
3623958,1,0,1,1,0,1,0,0
3624792,1,0,1,1,0,1,1,0
3628958,1,0,1,1,0,1,0,1
3633958,1,0,1,1,0,1,0,0
3634792,0,1,1,1,0,1,1,0
3638958,0,1,1,1,0,1,0,1
3643958,0,1,1,1,0,1,0,0
3644792,0,1,1,1,0,1,1,0
3648958,0,1,1,1,0,1,1,1
3649167,0,1,1,1,0,1,0,1
3653958,0,1,1,1,0,1,0,0
3654792,1,1,0,1,0,1,1,0
3658958,1,1,0,1,0,1,1,1
3659167,1,1,0,1,0,1,0,1
3663958,1,1,0,1,0,1,0,0
3664792,1,0,1,1,0,1,1,0
3668958,1,0,1,1,0,1,1,1
3669167,1,0,1,1,0,1,0,1
3673958,1,0,1,1,0,1,0,0
3674792,1,0,1,1,0,1,1,0
3678958,1,0,1,1,0,1,1,1
3679167,1,0,1,1,0,1,0,1
3683958,1,0,1,1,0,1,0,0
3684792,0,1,1,1,0,1,1,0
3688958,0,1,1,1,0,1,1,1
3689167,0,1,1,1,0,1,0,1
3693958,0,1,1,1,0,1,0,0
3694792,1,1,1,1,0,1,1,0
3698958,1,1,1,1,0,1,1,1
3699167,1,1,1,1,0,1,0,1
3703958,1,1,1,1,0,1,0,0
3704792,1,0,1,1,0,1,1,0
3708958,1,0,1,1,0,1,1,1
3709167,1,0,1,1,0,1,0,1
3713958,1,0,1,1,0,1,0,0
3714792,1,0,1,1,0,1,1,0
3718958,1,0,1,1,0,1,1,1
3719167,1,0,1,1,0,1,0,1
3723958,1,0,1,1,0,1,0,0
3724792,1,0,1,1,0,1,1,0
3728958,1,0,1,1,0,1,1,1
3729167,1,0,1,1,0,1,0,1
3733958,1,0,1,1,0,1,0,0
3734792,0,1,1,1,0,1,1,0
3738958,0,1,1,1,0,1,1,1
3739167,0,1,1,1,0,1,0,1
3743958,0,1,1,1,0,1,0,0
3744792,1,1,1,1,0,1,1,0
3748958,1,1,1,1,0,1,1,1
3749167,1,1,1,1,0,1,0,1
3753958,1,1,1,1,0,1,0,0
3754792,0,1,1,1,0,1,1,0
3758958,0,1,1,1,0,1,1,1
3759167,0,1,1,1,0,1,0,1
3763958,0,1,1,1,0,1,0,0
3764792,0,0,1,1,0,1,1,0
3765000,1,0,1,1,0,1,1,0
3768958,1,0,1,1,0,1,1,1
3769167,1,0,1,1,0,1,0,1
3773958,1,0,1,1,0,1,0,0
3774792,1,0,1,1,0,1,1,0
3778958,1,0,1,1,0,1,1,1
3779167,1,0,1,1,0,1,0,1
3783958,1,0,1,1,0,1,0,0
3784792,0,0,1,1,0,1,1,0
3785000,0,1,1,1,0,1,1,0
3788958,0,1,1,1,0,1,1,1
3789167,0,1,1,1,0,1,0,1
3793958,0,1,1,1,0,1,0,0
3794792,0,1,1,1,0,1,1,0
3798958,0,1,1,1,0,1,1,1
3799167,0,1,1,1,0,1,0,1
3803958,0,1,1,1,0,1,0,0
3804792,0,1,1,1,0,1,1,0
3808958,0,1,1,1,0,1,1,1
3809167,0,1,1,1,0,1,0,1
3813958,0,1,1,1,0,1,0,0
3814792,0,0,1,1,0,1,1,0
3815000,1,0,1,1,0,1,1,0
3818958,1,0,1,1,0,1,1,1
3819167,1,0,1,1,0,1,0,1
3823958,1,0,1,1,0,1,0,0
3825000,1,0,1,1,0,1,1,0
3828958,1,0,1,1,0,1,1,1
3829167,1,0,1,1,0,1,0,1
3833958,1,0,1,1,0,1,0,0
3834792,0,0,1,1,0,1,0,0
3835000,0,1,1,1,0,1,1,0
3838958,0,1,1,1,0,1,1,1
3839167,0,1,1,1,0,1,0,1
3843958,0,1,1,1,0,1,0,0
3844792,1,1,1,1,0,1,1,0
3848958,1,1,1,1,0,1,1,1
3849167,1,1,1,1,0,1,0,1
3853958,1,1,1,1,0,1,0,0
3854792,0,1,1,1,0,1,0,0
3855000,0,1,1,1,0,1,1,0
3858958,0,1,1,1,0,1,1,1
3859167,0,1,1,1,0,1,0,1
3863958,0,1,1,1,0,1,0,0
3864792,0,0,1,1,0,1,0,0
3865000,1,0,1,1,0,1,1,0
3868958,1,0,1,1,0,1,1,1
3869167,1,0,1,1,0,1,0,1
3873958,1,0,1,1,0,1,0,0
3875000,1,0,1,1,0,1,1,0
3878958,1,0,1,1,0,1,1,1
3879167,1,0,1,1,0,1,0,1
3883958,1,0,1,1,0,1,0,0
3885000,1,0,1,1,0,1,1,0
3888958,1,0,1,1,0,1,1,1
3889167,1,0,1,1,0,1,0,1
3893958,1,0,1,1,0,1,0,0
3894792,0,0,1,1,0,1,0,0
3895000,0,1,1,1,0,1,1,0
3898958,0,1,1,1,0,1,1,1
3899167,0,1,1,1,0,1,0,1
3903958,0,1,1,1,0,1,0,0
3905000,0,1,1,1,0,1,1,0
3908958,0,1,1,1,0,1,1,1
3909167,0,1,1,1,0,1,0,1
3913958,0,1,1,1,0,1,0,0
3915000,1,0,1,1,0,1,1,0
3918958,1,0,1,1,0,1,1,1
3919167,1,0,1,1,0,1,0,1
3923958,1,0,1,1,0,1,0,0
3925000,1,0,1,1,0,1,1,0
3928958,1,0,1,1,0,1,1,1
3929167,1,0,1,1,0,1,0,1
3933958,1,0,1,1,0,1,0,0
3935000,1,0,1,1,0,1,1,0
3938958,1,0,1,1,0,1,1,1
3939167,1,0,1,1,0,1,0,1
3943958,1,0,1,1,0,1,0,0
3945000,1,1,1,1,0,1,1,0
3948958,1,1,1,1,0,1,1,1
3949167,1,1,1,1,0,1,0,1
3953958,1,1,1,1,0,1,0,0
3954792,0,1,1,1,0,1,0,0
3955000,0,1,1,1,0,1,1,0
3958958,0,1,1,1,0,1,1,1
3959167,0,1,1,1,0,1,0,1
3963958,0,1,1,1,0,1,0,0
3965000,1,0,1,1,0,1,1,0
3968958,1,0,1,1,0,1,1,1
3969167,1,0,1,1,0,1,0,1
3973958,1,0,1,1,0,1,0,0
3975000,1,0,1,1,0,1,1,0
3978958,1,0,1,1,0,1,1,1
3979167,1,0,1,1,0,1,0,1
3983958,1,0,1,1,0,1,0,0
3985000,1,0,1,1,0,1,1,0
3988958,1,0,1,1,0,1,1,1
3989167,1,0,1,1,0,1,0,1
3993958,1,0,1,1,0,1,0,0
3995000,1,0,1,1,0,1,1,0
3998958,1,0,1,1,0,1,1,1
3999167,1,0,1,1,0,1,0,1
4003958,1,0,1,1,0,1,0,0
4005000,0,1,1,1,0,1,1,0
4008958,0,1,1,1,0,1,1,1
4009167,0,1,1,1,0,1,0,1
4013958,0,1,1,1,0,1,0,0
4015000,1,0,1,1,0,1,1,0
4018958,1,0,1,1,0,1,1,1
4019167,1,0,1,1,0,1,0,1
4023958,1,0,1,1,0,1,0,0
4025000,1,0,1,1,0,1,1,0
4028958,1,0,1,1,0,1,1,1
4029167,1,0,1,1,0,1,0,1
4034167,1,0,1,1,0,1,0,0
4035000,1,0,1,1,0,1,1,0
4038958,1,0,1,1,0,1,1,1
4039167,1,0,1,1,0,1,0,1
4044167,1,0,1,1,0,1,0,0
4045000,0,1,1,1,0,1,1,0
4049167,0,1,1,1,0,1,0,1
4054167,0,1,1,1,0,1,0,0
4055000,0,1,1,1,0,1,1,0
4059167,0,1,1,1,0,1,1,1
4059375,0,1,1,1,0,1,0,1
4064167,0,1,1,1,0,1,0,0
4065000,1,0,1,1,0,1,1,0
4069167,1,0,1,1,0,1,1,1
4069375,1,0,1,1,0,1,0,1
4074167,1,0,1,1,0,1,0,0
4075000,1,0,1,1,0,1,1,0
4079167,1,0,1,1,0,1,1,1
4079375,1,0,1,1,0,1,0,1
4084167,1,0,1,1,0,1,0,0
4085000,1,0,1,1,0,1,1,0
4089167,1,0,1,1,0,1,1,1
4089375,1,0,1,1,0,1,0,1
4094167,1,0,1,1,0,1,0,0
4095000,0,1,1,1,0,1,1,0
4099167,0,1,1,1,0,1,1,1
4099375,0,1,1,1,0,1,0,1
4104167,0,1,1,1,0,1,0,0
4105000,1,1,1,1,0,1,1,0
4109167,1,1,1,1,0,1,1,1
4109375,1,1,1,1,0,1,0,1
4114167,1,1,1,1,0,1,0,0
4115000,0,1,1,1,0,1,1,0
4119167,0,1,1,1,0,1,1,1
4119375,0,1,1,1,0,1,0,1
4124167,0,1,1,1,0,1,0,0
4125000,0,0,1,1,0,1,1,0
4129167,0,0,1,1,0,1,1,1
4129375,0,0,1,1,0,1,0,1
4134167,0,0,1,1,0,1,0,0
4135000,1,0,1,1,0,1,1,0
4139167,1,0,1,1,0,1,1,1
4139375,1,0,1,1,0,1,0,1
4144167,1,0,1,1,0,1,0,0
4145000,0,1,1,1,0,1,1,0
4149167,0,1,1,1,0,1,1,1
4149375,0,1,1,1,0,1,0,1
4154167,0,1,1,1,0,1,0,0
4155000,0,1,1,1,0,1,1,0
4159167,0,1,1,1,0,1,1,1
4159375,0,1,1,1,0,1,0,1
4164167,0,1,1,1,0,1,0,0
4165000,0,1,1,1,0,1,1,0
4169167,0,1,1,1,0,1,1,1
4169375,0,1,1,1,0,1,0,1
4174167,0,1,1,1,0,1,0,0
4175000,1,0,1,1,0,1,1,0
4179167,1,0,1,1,0,1,1,1
4179375,1,0,1,1,0,1,0,1
4184167,1,0,1,1,0,1,0,0
4185000,1,0,1,1,0,1,1,0
4189167,1,0,1,1,0,1,1,1
4189375,1,0,1,1,0,1,0,1
4194167,1,0,1,1,0,1,0,0
4195000,1,0,1,1,0,1,1,0
4199167,1,0,1,1,0,1,1,1
4199375,1,0,1,1,0,1,0,1
4204167,1,0,1,1,0,1,0,0
4205000,0,0,1,1,0,1,1,0
4205208,0,1,1,1,0,1,1,0
4209167,0,1,1,1,0,1,1,1
4209375,0,1,1,1,0,1,0,1
4214167,0,1,1,1,0,1,0,0
4215000,0,1,1,1,0,1,1,0
4219167,0,1,1,1,0,1,1,1
4219375,0,1,1,1,0,1,0,1
4224167,0,1,1,1,0,1,0,0
4225000,0,0,1,1,0,1,0,0
4225208,1,0,1,1,0,1,1,0
4229167,1,0,1,1,0,1,1,1
4229375,1,0,1,1,0,1,0,1
4234167,1,0,1,1,0,1,0,0
4235208,1,0,1,1,0,1,1,0
4239167,1,0,1,1,0,1,1,1
4239375,1,0,1,1,0,1,0,1
4244167,1,0,1,1,0,1,0,0
4245208,1,0,1,1,0,1,1,0
4249167,1,0,1,1,0,1,1,1
4249375,1,0,1,1,0,1,0,1
4254167,1,0,1,1,0,1,0,0
4255000,0,0,1,1,0,1,1,0
4255208,0,1,1,1,0,1,1,0
4259167,0,1,1,1,0,1,1,1
4259375,0,1,1,1,0,1,0,1
4264167,0,1,1,1,0,1,0,0
4265000,0,1,1,1,0,1,1,0
4269167,0,1,1,1,0,1,1,1
4269375,0,1,1,1,0,1,0,1
4274167,0,1,1,1,0,1,0,0
4275000,0,0,1,1,0,1,0,0
4275208,1,0,1,1,0,1,1,0
4279167,1,0,1,1,0,1,1,1
4279375,1,0,1,1,0,1,0,1
4284167,1,0,1,1,0,1,0,0
4285208,1,0,1,1,0,1,1,0
4289167,1,0,1,1,0,1,1,1
4289375,1,0,1,1,0,1,0,1
4294167,1,0,1,1,0,1,0,0
4295208,1,0,1,1,0,1,1,0
4299167,1,0,1,1,0,1,1,1
4299375,1,0,1,1,0,1,0,1
4304167,1,0,1,1,0,1,0,0
4305000,0,0,1,1,0,1,0,0
4305208,0,1,1,1,0,1,1,0
4309167,0,1,1,1,0,1,1,1
4309375,0,1,1,1,0,1,0,1
4314167,0,1,1,1,0,1,0,0
4315208,0,1,1,1,0,1,1,0
4319167,0,1,1,1,0,1,1,1
4319375,0,1,1,1,0,1,0,1
4324167,0,1,1,1,0,1,0,0
4325208,1,0,1,1,0,1,1,0
4329167,1,0,1,1,0,1,1,1
4329375,1,0,1,1,0,1,0,1
4334167,1,0,1,1,0,1,0,0
4335208,0,0,1,1,0,1,1,0
4339167,0,0,1,1,0,1,1,1
4339375,0,0,1,1,0,1,0,1
4344167,0,0,1,1,0,1,0,0
4345208,1,0,1,1,0,1,1,0
4349167,1,0,1,1,0,1,1,1
4349375,1,0,1,1,0,1,0,1
4354167,1,0,1,1,0,1,0,0
4355208,1,1,1,1,0,1,1,0
4359167,1,1,1,1,0,1,1,1
4359375,1,1,1,1,0,1,0,1
4364167,1,1,1,1,0,1,0,0
4365000,0,1,1,1,0,1,0,0
4365208,0,1,1,1,0,1,1,0
4369167,0,1,1,1,0,1,1,1
4369375,0,1,1,1,0,1,0,1
4374167,0,1,1,1,0,1,0,0
4375208,1,0,1,1,0,1,1,0
4379167,1,0,1,1,0,1,1,1
4379375,1,0,1,1,0,1,0,1
4384167,1,0,1,1,0,1,0,0
4385208,1,0,1,1,0,1,1,0
4389167,1,0,1,1,0,1,1,1
4389375,1,0,1,1,0,1,0,1
4394167,1,0,1,1,0,1,0,0
4395208,1,0,1,1,0,1,1,0
4399167,1,0,1,1,0,1,1,1
4399375,1,0,1,1,0,1,0,1
4404167,1,0,1,1,0,1,0,0
4405208,0,1,1,1,0,1,1,0
4409167,0,1,1,1,0,1,1,1
4409375,0,1,1,1,0,1,0,1
4414167,0,1,1,1,0,1,0,0
4415208,0,1,1,1,0,1,1,0
4419167,0,1,1,1,0,1,1,1
4419375,0,1,1,1,0,1,0,1
4424167,0,1,1,1,0,1,0,0
4425208,0,1,1,1,0,1,1,0
4429167,0,1,1,1,0,1,1,1
4429375,0,1,1,1,0,1,0,1
4434167,0,1,1,1,0,1,0,0
4435208,1,0,1,1,0,1,1,0
4439167,1,0,1,1,0,1,1,1
4439375,1,0,1,1,0,1,0,1
4444167,1,0,1,1,0,1,0,0
4445208,1,0,1,1,0,1,1,0
4449167,1,0,1,1,0,1,1,1
4449375,1,0,1,1,0,1,0,1
4454167,1,0,1,1,0,1,0,0
4455208,1,0,1,1,0,1,1,0
4459375,1,0,1,1,0,1,0,1
4464375,1,0,1,1,0,1,0,0
4465208,1,0,1,1,0,1,1,0
4469375,1,0,1,1,0,1,0,1
4474375,1,0,1,1,0,1,0,0
4475208,0,1,1,1,0,1,1,0
4479375,0,1,1,1,0,1,1,1
4479583,0,1,1,1,0,1,0,1
4484375,0,1,1,1,0,1,0,0
4485208,1,0,1,1,0,1,1,0
4489375,1,0,1,1,0,1,1,1
4489583,1,0,1,1,0,1,0,1
4494375,1,0,1,1,0,1,0,0
4495208,1,0,1,1,0,1,1,0
4499375,1,0,1,1,0,1,1,1
4499583,1,0,1,1,0,1,0,1
4504375,1,0,1,1,0,1,0,0
4505208,1,0,1,1,0,1,1,0
4509375,1,0,1,1,0,1,1,1
4509583,1,0,1,1,0,1,0,1
4514375,1,0,1,1,0,1,0,0
4515208,0,1,1,1,0,1,1,0
4519375,0,1,1,1,0,1,1,1
4519583,0,1,1,1,0,1,0,1
4524375,0,1,1,1,0,1,0,0
4525208,0,1,1,1,0,1,1,0
4529375,0,1,1,1,0,1,1,1
4529583,0,1,1,1,0,1,0,1
4534375,0,1,1,1,0,1,0,0
4535208,1,0,1,1,0,1,1,0
4539375,1,0,1,1,0,1,1,1
4539583,1,0,1,1,0,1,0,1
4544375,1,0,1,1,0,1,0,0
4545208,1,0,1,1,0,1,1,0
4549375,1,0,1,1,0,1,1,1
4549583,1,0,1,1,0,1,0,1
4554375,1,0,1,1,0,1,0,0
4555208,0,1,1,1,0,1,1,0
4559375,0,1,1,1,0,1,1,1
4559583,0,1,1,1,0,1,0,1
4564375,0,1,1,1,0,1,0,0
4565208,1,0,1,1,0,1,1,0
4569375,1,0,1,1,0,1,1,1
4569583,1,0,1,1,0,1,0,1
4574375,1,0,1,1,0,1,0,0
4575208,1,0,1,1,0,1,1,0
4579375,1,0,1,1,0,1,1,1
4579583,1,0,1,1,0,1,0,1
4584375,1,0,1,1,0,1,0,0
4585208,1,0,1,1,0,1,1,0
4589375,1,0,1,1,0,1,1,1
4589583,1,0,1,1,0,1,0,1
4594375,1,0,1,1,0,1,0,0
4595208,1,0,1,1,0,1,1,0
4599375,1,0,1,1,0,1,1,1
4599583,1,0,1,1,0,1,0,1
4604375,1,0,1,1,0,1,0,0
4605208,1,0,1,1,0,1,1,0
4609375,1,0,1,1,0,1,1,1
4609583,1,0,1,1,0,1,0,1
4614375,1,0,1,1,0,1,0,0
4615208,0,1,1,1,0,1,1,0
4619375,0,1,1,1,0,1,1,1
4619583,0,1,1,1,0,1,0,1
4624375,0,1,1,1,0,1,0,0
4625208,0,1,1,1,0,1,1,0
4629375,0,1,1,1,0,1,1,1
4629583,0,1,1,1,0,1,0,1
4634375,0,1,1,1,0,1,0,0
4635208,0,0,1,1,0,1,1,0
4635417,1,0,1,1,0,1,1,0
4639375,1,0,1,1,0,1,1,1
4639583,1,0,1,1,0,1,0,1
4644375,1,0,1,1,0,1,0,0
4645208,1,0,1,1,0,1,1,0
4649375,1,0,1,1,0,1,1,1
4649583,1,0,1,1,0,1,0,1
4654375,1,0,1,1,0,1,0,0
4655208,1,0,1,1,0,1,1,0
4659375,1,0,1,1,0,1,1,1
4659583,1,0,1,1,0,1,0,1
4664375,1,0,1,1,0,1,0,0
4665417,1,0,1,1,0,1,1,0
4669375,1,0,1,1,0,1,1,1
4669583,1,0,1,1,0,1,0,1
4674375,1,0,1,1,0,1,0,0
4675208,1,1,1,1,0,1,1,0
4679375,1,1,1,1,0,1,1,1
4679583,1,1,1,1,0,1,0,1
4684375,1,1,1,1,0,1,0,0
4685208,0,1,1,1,0,1,1,0
4689375,0,1,1,1,0,1,1,1
4689583,0,1,1,1,0,1,0,1
4694375,0,1,1,1,0,1,0,0
4695208,0,0,1,1,0,1,0,0
4695417,1,0,1,1,0,1,1,0
4699375,1,0,1,1,0,1,1,1
4699583,1,0,1,1,0,1,0,1
4704375,1,0,1,1,0,1,0,0
4705417,1,0,1,1,0,1,1,0
4709375,1,0,1,1,0,1,1,1
4709583,1,0,1,1,0,1,0,1
4714375,1,0,1,1,0,1,0,0
4715417,1,0,1,1,0,1,1,0
4719375,1,0,1,1,0,1,1,1
4719583,1,0,1,1,0,1,0,1
4724375,1,0,1,1,0,1,0,0
4725208,0,0,1,1,0,1,0,0
4725417,0,1,1,1,0,1,1,0
4729375,0,1,1,1,0,1,1,1
4729583,0,1,1,1,0,1,0,1
4734375,0,1,1,1,0,1,0,0
4735417,0,1,1,1,0,1,1,0
4739375,0,1,1,1,0,1,1,1
4739583,0,1,1,1,0,1,0,1
4744375,0,1,1,1,0,1,0,0
4745208,0,0,1,1,0,1,0,0
4745417,1,0,1,1,0,1,1,0
4749375,1,0,1,1,0,1,1,1
4749583,1,0,1,1,0,1,0,1
4754375,1,0,1,1,0,1,0,0
4755417,1,0,1,1,0,1,1,0
4759375,1,0,1,1,0,1,1,1
4759583,1,0,1,1,0,1,0,1
4764375,1,0,1,1,0,1,0,0
4765417,0,1,1,1,0,1,1,0
4769375,0,1,1,1,0,1,1,1
4769583,0,1,1,1,0,1,0,1
4774375,0,1,1,1,0,1,0,0
4775417,0,1,1,1,0,1,1,0
4779375,0,1,1,1,0,1,1,1
4779583,0,1,1,1,0,1,0,1
4784375,0,1,1,1,0,1,0,0
4785417,0,1,1,1,0,1,1,0
4789375,0,1,1,1,0,1,1,1
4789583,0,1,1,1,0,1,0,1
4794375,0,1,1,1,0,1,0,0
4795417,1,0,1,1,0,1,1,0
4799375,1,0,1,1,0,1,1,1
4799583,1,0,1,1,0,1,0,1
4804375,1,0,1,1,0,1,0,0
4805417,1,0,1,1,0,1,1,0
4809375,1,0,1,1,0,1,1,1
4809583,1,0,1,1,0,1,0,1
4814375,1,0,1,1,0,1,0,0
4815417,1,0,1,1,0,1,1,0
4819375,1,0,1,1,0,1,1,1
4819583,1,0,1,1,0,1,0,1
4824375,1,0,1,1,0,1,0,0
4825417,1,0,1,1,0,1,1,0
4829375,1,0,1,1,0,1,1,1
4829583,1,0,1,1,0,1,0,1
4834375,1,0,1,1,0,1,0,0
4835417,0,1,1,1,0,1,1,0
4839375,0,1,1,1,0,1,1,1
4839583,0,1,1,1,0,1,0,1
4844375,0,1,1,1,0,1,0,0
4845417,1,0,1,1,0,1,1,0
4849375,1,0,1,1,0,1,1,1
4849583,1,0,1,1,0,1,0,1
4854375,1,0,1,1,0,1,0,0
4855417,0,1,1,1,0,1,1,0
4859375,0,1,1,1,0,1,1,1
4859583,0,1,1,1,0,1,0,1
4864375,0,1,1,1,0,1,0,0
4865417,0,1,1,1,0,1,1,0
4869375,0,1,1,1,0,1,1,1
4869583,0,1,1,1,0,1,0,1
4874583,0,1,1,1,0,1,0,0
4875417,0,1,1,1,0,1,1,0
4879583,0,1,1,1,0,1,0,1
4884583,0,1,1,1,0,1,0,0
4885417,0,1,1,1,0,1,1,0
4889583,0,1,1,1,0,1,0,1
4894583,0,1,1,1,0,1,0,0
4895417,1,0,1,1,0,1,1,0
4899583,1,0,1,1,0,1,1,1
4899792,1,0,1,1,0,1,0,1
4904583,1,0,1,1,0,1,0,0
4905417,1,1,1,1,0,1,1,0
4909583,1,1,1,1,0,1,1,1
4909792,1,1,1,1,0,1,0,1
4914583,1,1,1,1,0,1,0,0
4915417,1,0,1,1,0,1,1,0
4919583,1,0,1,1,0,1,1,1
4919792,1,0,1,1,0,1,0,1
4924583,1,0,1,1,0,1,0,0
4925417,0,1,1,1,0,1,1,0
4929583,0,1,1,1,0,1,1,1
4929792,0,1,1,1,0,1,0,1
4934583,0,1,1,1,0,1,0,0
4935417,1,0,1,1,0,1,1,0
4939583,1,0,1,1,0,1,1,1
4939792,1,0,1,1,0,1,0,1
4944583,1,0,1,1,0,1,0,0
4945417,1,0,1,1,0,1,1,0
4949583,1,0,1,1,0,1,1,1
4949792,1,0,1,1,0,1,0,1
4954583,1,0,1,1,0,1,0,0
4955417,0,1,1,1,0,1,1,0
4959583,0,1,1,1,0,1,1,1
4959792,0,1,1,1,0,1,0,1
4964583,0,1,1,1,0,1,0,0
4965417,0,1,1,1,0,1,1,0
4969583,0,1,1,1,0,1,1,1
4969792,0,1,1,1,0,1,0,1
4974583,0,1,1,1,0,1,0,0
4975417,1,0,1,1,0,1,1,0
4979583,1,0,1,1,0,1,1,1
4979792,1,0,1,1,0,1,0,1
4984583,1,0,1,1,0,1,0,0
4985417,1,0,1,1,0,1,1,0
4989583,1,0,1,1,0,1,1,1
4989792,1,0,1,1,0,1,0,1
4994583,1,0,1,1,0,1,0,0
4995417,0,1,1,1,0,1,1,0
4999583,0,1,1,1,0,1,1,1
4999792,0,1,1,1,0,1,0,1
5004583,0,1,1,1,0,1,0,0
5005417,0,1,1,1,0,1,1,0
5009583,0,1,1,1,0,1,1,1
5009792,0,1,1,1,0,1,0,1
5014583,0,1,1,1,0,1,0,0
5015417,0,1,1,1,0,1,1,0
5019583,0,1,1,1,0,1,1,1
5019792,0,1,1,1,0,1,0,1
5024583,0,1,1,1,0,1,0,0
5025417,0,0,1,1,0,1,1,0
5025625,1,0,1,1,0,1,1,0
5029583,1,0,1,1,0,1,1,1
5029792,1,0,1,1,0,1,0,1
5034583,1,0,1,1,0,1,0,0
5035417,1,0,1,1,0,1,1,0
5039583,1,0,1,1,0,1,1,1
5039792,1,0,1,1,0,1,0,1
5044583,1,0,1,1,0,1,0,0
5045417,1,0,1,1,0,1,1,0
5049583,1,0,1,1,0,1,1,1
5049792,1,0,1,1,0,1,0,1
5054583,1,0,1,1,0,1,0,0
5055417,0,0,1,1,0,1,1,0
5055625,0,1,1,1,0,1,1,0
5059583,0,1,1,1,0,1,1,1
5059792,0,1,1,1,0,1,0,1
5064583,0,1,1,1,0,1,0,0
5065417,0,1,1,1,0,1,1,0
5069583,0,1,1,1,0,1,1,1
5069792,0,1,1,1,0,1,0,1
5074583,0,1,1,1,0,1,0,0
5075417,0,0,1,1,0,1,0,0
5075625,1,0,1,1,0,1,1,0
5079583,1,0,1,1,0,1,1,1
5079792,1,0,1,1,0,1,0,1
5084583,1,0,1,1,0,1,0,0
5085625,1,0,1,1,0,1,1,0
5089583,1,0,1,1,0,1,1,1
5089792,1,0,1,1,0,1,0,1
5094583,1,0,1,1,0,1,0,0
5095625,1,0,1,1,0,1,1,0
5099583,1,0,1,1,0,1,1,1
5099792,1,0,1,1,0,1,0,1
5104583,1,0,1,1,0,1,0,0
5105417,0,0,1,1,0,1,0,0
5105625,0,1,1,1,0,1,1,0
5109583,0,1,1,1,0,1,1,1
5109792,0,1,1,1,0,1,0,1
5114583,0,1,1,1,0,1,0,0
5115417,0,1,1,1,0,1,1,0
5119583,0,1,1,1,0,1,1,1
5119792,0,1,1,1,0,1,0,1
5124583,0,1,1,1,0,1,0,0
5125417,1,1,1,1,0,1,1,0
5129583,1,1,1,1,0,1,1,1
5129792,1,1,1,1,0,1,0,1
5134583,1,1,1,1,0,1,0,0
5135417,0,1,1,1,0,1,0,0
5135625,0,1,1,1,0,1,1,0
5139583,0,1,1,1,0,1,1,1
5139792,0,1,1,1,0,1,0,1
5144583,0,1,1,1,0,1,0,0
5145625,0,0,1,1,0,1,1,0
5149583,0,0,1,1,0,1,1,1
5149792,0,0,1,1,0,1,0,1
5154583,0,0,1,1,0,1,0,0
5155625,1,1,1,1,0,1,1,0
5159583,1,1,1,1,0,1,1,1
5159792,1,1,1,1,0,1,0,1
5164583,1,1,1,1,0,1,0,0
5165417,0,0,0,0,0,1,1,0
5169583,0,0,0,0,0,1,1,1
5169792,0,0,0,0,0,1,0,1
5174583,0,0,0,0,0,1,0,0
5175625,1,0,1,1,0,1,1,0
5179583,1,0,1,1,0,1,1,1
5179792,1,0,1,1,0,1,0,1
5184583,1,0,1,1,0,1,0,0
5185625,1,0,1,1,0,1,1,0
5189583,1,0,1,1,0,1,1,1
5189792,1,0,1,1,0,1,0,1
5194583,1,0,1,1,0,1,0,0
5195625,1,0,1,1,0,1,1,0
5199583,1,0,1,1,0,1,1,1
5199792,1,0,1,1,0,1,0,1
5204583,1,0,1,1,0,1,0,0
5205417,0,0,1,1,0,1,0,0
5205625,0,1,1,1,0,1,1,0
5209583,0,1,1,1,0,1,1,1
5209792,0,1,1,1,0,1,0,1
5214583,0,1,1,1,0,1,0,0
5215625,0,1,1,1,0,1,1,0
5219583,0,1,1,1,0,1,1,1
5219792,0,1,1,1,0,1,0,1
5224583,0,1,1,1,0,1,0,0
5225625,0,1,1,1,0,1,1,0
5229583,0,1,1,1,0,1,1,1
5229792,0,1,1,1,0,1,0,1
5234583,0,1,1,1,0,1,0,0
5235625,1,0,1,1,0,1,1,0
5239583,1,0,1,1,0,1,1,1
5239792,1,0,1,1,0,1,0,1
5244583,1,0,1,1,0,1,0,0
5245625,1,0,1,1,0,1,1,0
5249583,1,0,1,1,0,1,1,1
5249792,1,0,1,1,0,1,0,1
5254583,1,0,1,1,0,1,0,0
5255625,0,1,1,1,0,1,1,0
5259583,0,1,1,1,0,1,1,1
5259792,0,1,1,1,0,1,0,1
5264583,0,1,1,1,0,1,0,0
5265625,0,1,1,1,0,1,1,0
5269583,0,1,1,1,0,1,1,1
5269792,0,1,1,1,0,1,0,1
5274583,0,1,1,1,0,1,0,0
5275625,0,1,1,1,0,1,1,0
5279583,0,1,1,1,0,1,1,1
5279792,0,1,1,1,0,1,0,1
5284583,0,1,1,1,0,1,0,0
5285625,1,0,1,1,0,1,1,0
5289792,1,0,1,1,0,1,0,1
5294792,1,0,1,1,0,1,0,0
5295625,1,0,1,1,0,1,1,0
5299792,1,0,1,1,0,1,0,1
5304792,1,0,1,1,0,1,0,0
5305625,0,1,1,1,0,1,1,0
5309792,0,1,1,1,0,1,0,1
5314792,0,1,1,1,0,1,0,0
5315625,1,1,1,1,0,1,1,0
5319792,1,1,1,1,0,1,1,1
5320000,1,1,1,1,0,1,0,1
5324792,1,1,1,1,0,1,0,0
5325625,0,1,1,1,0,1,1,0
5329792,0,1,1,1,0,1,1,1
5330000,0,1,1,1,0,1,0,1
5334792,0,1,1,1,0,1,0,0
5335625,1,0,1,1,0,1,1,0
5339792,1,0,1,1,0,1,1,1
5340000,1,0,1,1,0,1,0,1
5344792,1,0,1,1,0,1,0,0
5345625,1,0,1,1,0,1,1,0
5349792,1,0,1,1,0,1,1,1
5350000,1,0,1,1,0,1,0,1
5354792,1,0,1,1,0,1,0,0
5355625,0,1,1,1,0,1,1,0
5359792,0,1,1,1,0,1,1,1
5360000,0,1,1,1,0,1,0,1
5364792,0,1,1,1,0,1,0,0
5365625,0,1,1,1,0,1,1,0
5369792,0,1,1,1,0,1,1,1
5370000,0,1,1,1,0,1,0,1
5374792,0,1,1,1,0,1,0,0
5375625,1,0,1,1,0,1,1,0
5379792,1,0,1,1,0,1,1,1
5380000,1,0,1,1,0,1,0,1
5384792,1,0,1,1,0,1,0,0
5385625,1,0,1,1,0,1,1,0
5389792,1,0,1,1,0,1,1,1
5390000,1,0,1,1,0,1,0,1
5394792,1,0,1,1,0,1,0,0
5395625,1,0,1,1,0,1,1,0
5399792,1,0,1,1,0,1,1,1
5400000,1,0,1,1,0,1,0,1
5404792,1,0,1,1,0,1,0,0
5405625,1,1,1,1,0,1,1,0
5409792,1,1,1,1,0,1,1,1
5410000,1,1,1,1,0,1,0,1
5414792,1,1,1,1,0,1,0,0
5415625,1,1,1,1,0,1,1,0
5419792,1,1,1,1,0,1,1,1
5420000,1,1,1,1,0,1,0,1
5424792,1,1,1,1,0,1,0,0
5425625,1,0,1,1,0,1,1,0
5429792,1,0,1,1,0,1,1,1
5430000,1,0,1,1,0,1,0,1
5434792,1,0,1,1,0,1,0,0
5435625,0,0,1,1,0,1,1,0
5439792,0,0,1,1,0,1,1,1
5440000,0,0,1,1,0,1,0,1
5444792,0,0,1,1,0,1,0,0
5445625,1,0,1,1,0,1,1,0
5449792,1,0,1,1,0,1,1,1
5450000,1,0,1,1,0,1,0,1
5454792,1,0,1,1,0,1,0,0
5455625,0,0,1,1,0,1,1,0
5455833,0,1,1,1,0,1,1,0
5459792,0,1,1,1,0,1,1,1
5460000,0,1,1,1,0,1,0,1
5464792,0,1,1,1,0,1,0,0
5465625,1,1,1,1,0,1,1,0
5469792,1,1,1,1,0,1,1,1
5470000,1,1,1,1,0,1,0,1
5474792,1,1,1,1,0,1,0,0
5475625,1,0,1,1,0,1,1,0
5479792,1,0,1,1,0,1,1,1
5480000,1,0,1,1,0,1,0,1
5484792,1,0,1,1,0,1,0,0
5485625,0,0,1,1,0,1,0,0
5485833,0,0,1,1,0,1,1,0
5489792,0,0,1,1,0,1,1,1
5490000,0,0,1,1,0,1,0,1
5494792,0,0,1,1,0,1,0,0
5495833,1,0,1,1,0,1,1,0
5499792,1,0,1,1,0,1,1,1
5500000,1,0,1,1,0,1,0,1
5504792,1,0,1,1,0,1,0,0
5505833,1,0,1,1,0,1,1,0
5509792,1,0,1,1,0,1,1,1
5510000,1,0,1,1,0,1,0,1
5514792,1,0,1,1,0,1,0,0
5515625,0,0,1,1,0,1,1,0
5515833,0,1,1,1,0,1,1,0
5519792,0,1,1,1,0,1,1,1
5520000,0,1,1,1,0,1,0,1
5524792,0,1,1,1,0,1,0,0
5525833,0,1,1,1,0,1,1,0
5529792,0,1,1,1,0,1,1,1
5530000,0,1,1,1,0,1,0,1
5534792,0,1,1,1,0,1,0,0
5535833,0,0,1,1,0,1,1,0
5539792,0,0,1,1,0,1,1,1
5540000,0,0,1,1,0,1,0,1
5544792,0,0,1,1,0,1,0,0
5545833,0,0,1,1,0,1,1,0
5549792,0,0,1,1,0,1,1,1
5550000,0,0,1,1,0,1,0,1
5554792,0,0,1,1,0,1,0,0
5555833,0,1,1,1,0,1,1,0
5559792,0,1,1,1,0,1,1,1
5560000,0,1,1,1,0,1,0,1
5564792,0,1,1,1,0,1,0,0
5565833,0,1,1,1,0,1,1,0
5569792,0,1,1,1,0,1,1,1
5570000,0,1,1,1,0,1,0,1
5574792,0,1,1,1,0,1,0,0
5575625,0,0,1,1,0,1,0,0
5575833,1,0,1,1,0,1,1,0
5579792,1,0,1,1,0,1,1,1
5580000,1,0,1,1,0,1,0,1
5584792,1,0,1,1,0,1,0,0
5585833,1,0,1,1,0,1,1,0
5589792,1,0,1,1,0,1,1,1
5590000,1,0,1,1,0,1,0,1
5594792,1,0,1,1,0,1,0,0
5595833,1,0,1,1,0,1,1,0
5599792,1,0,1,1,0,1,1,1
5600000,1,0,1,1,0,1,0,1
5604792,1,0,1,1,0,1,0,0
5605833,0,1,1,1,0,1,1,0
5609792,0,1,1,1,0,1,1,1
5610000,0,1,1,1,0,1,0,1
5614792,0,1,1,1,0,1,0,0
5615833,1,1,1,1,0,1,1,0
5619792,1,1,1,1,0,1,1,1
5620000,1,1,1,1,0,1,0,1
5624792,1,1,1,1,0,1,0,0
5625833,0,1,1,1,0,1,1,0
5629792,0,1,1,1,0,1,1,1
5630000,0,1,1,1,0,1,0,1
5634792,0,1,1,1,0,1,0,0
5635833,0,0,1,1,0,1,1,0
5639792,0,0,1,1,0,1,1,1
5640000,0,0,1,1,0,1,0,1
5644792,0,0,1,1,0,1,0,0
5645833,1,0,1,1,0,1,1,0
5649792,1,0,1,1,0,1,1,1
5650000,1,0,1,1,0,1,0,1
5654792,1,0,1,1,0,1,0,0
5655833,1,0,1,1,0,1,1,0
5659792,1,0,1,1,0,1,1,1
5660000,1,0,1,1,0,1,0,1
5664792,1,0,1,1,0,1,0,0
5665833,0,1,1,1,0,1,1,0
5669792,0,1,1,1,0,1,1,1
5670000,0,1,1,1,0,1,0,1
5674792,0,1,1,1,0,1,0,0
5675833,1,1,1,1,0,1,1,0
5679792,1,1,1,1,0,1,1,1
5680000,1,1,1,1,0,1,0,1
5684792,1,1,1,1,0,1,0,0
5685833,1,0,1,1,0,1,1,0
5689792,1,0,1,1,0,1,1,1
5690000,1,0,1,1,0,1,0,1
5694792,1,0,1,1,0,1,0,0
5695833,0,0,1,1,0,1,1,0
5699792,0,0,1,1,0,1,1,1
5700000,0,0,1,1,0,1,0,1
5704792,0,0,1,1,0,1,0,0
5705833,1,0,1,1,0,1,1,0
5710000,1,0,1,1,0,1,0,1
5715000,1,0,1,1,0,1,0,0
5715833,0,1,1,1,0,1,1,0
5720000,0,1,1,1,0,1,0,1
5725000,0,1,1,1,0,1,0,0
5725833,0,1,1,1,0,1,1,0
5730000,0,1,1,1,0,1,0,1
5735000,0,1,1,1,0,1,0,0
5735833,1,0,1,1,0,1,1,0
5740000,1,0,1,1,0,1,1,1
5740208,1,0,1,1,0,1,0,1
5745000,1,0,1,1,0,1,0,0
5745833,1,0,1,1,0,1,1,0
5750000,1,0,1,1,0,1,1,1
5750208,1,0,1,1,0,1,0,1
5755000,1,0,1,1,0,1,0,0
5755833,0,1,1,1,0,1,1,0
